,text,color,size,position,time,sn,userid
0,äºŒåˆ·,#FFFFFF,1,0,0,42903755,qaz1210731
1,å‰ä¼Šå¡å“‡ï¼,#FFFFFF,1,0,0,45641971,dodylee0107
2,æ„Ÿè¬å‹•ç•«ç˜‹ï¼,#FFFFFF,1,0,0,45796240,hyg125
3,2025.11.24ç°½,#FDE53D,1,0,0,47316552,MilkTea157
4,å‰ä¾å¥½å¯æ„›,#FFFFFF,1,0,5,40580321,KingOrange69
5,å“ˆå˜,#FFFFFF,1,0,5,40657118,rwan123
6,ç°½,#FFFFFF,1,0,5,41446388,nehsh101
7,1,#FFFFFF,1,0,5,42235007,zxc520031
8,å€‹,#FFFFFF,1,0,5,42576215,d3498115
9,åƒ,#FFFFFF,1,0,6,43809180,pikachiuweii
10,é çœŸçš„å¥½å¯æ„›,#FFFFFF,1,0,10,38700844,milkppt
11,ç°½,#FF0026,1,0,15,42812053,Ceadda127
12,å¥½å¯æ„›å•ŠðŸ˜,#FFFFFF,2,0,15,43532304,bellaliu1230
13,å…„å¼Ÿå€‘ æˆ‘ä¾†äº†ï¼,#FFFFFF,1,0,16,42125192,good78221125
14,ç°½,#FFFFFF,1,0,19,42456696,Rei9488
15,ç¸½é»žé–±æ•¸åƒè¬äº†ï¼Œä»€éº¼æ™‚å€™å‡ºä¸­æ–‡çºŒé›†QAQ,#FFFFFF,1,0,23,41862583,IONCHIPS
16,æˆ‘æ€Žéº¼å¯èƒ½æœƒè¼¸çµ¦å‰ä¼Šå¡å“‡,#A7FE39,1,1,23,42523886,sunny254ww
17,å·´å“ˆæˆ‘å¤§å“¥,#FFFFFF,1,0,24,37399442,gemmalinn
18,å…„å¼Ÿ,#FFFFFF,1,0,25,37090866,k246836
19,ðŸ˜†,#FFFFFF,1,0,25,37543537,a59875987
20,å…„å¼Ÿ,#FFFFFF,1,0,25,39165765,coolmus64
21,é€™çœŸçš„è¶…å¯æ„›,#FFFFFF,1,0,25,41891414,bubble0315
22,å¥½å¯æ„›,#FFFFFF,1,0,25,43842076,jerry990126
23,å¥½æ£’å–”  è¬è¬å·´å“ˆ,#FFFFFF,1,0,28,37092222,kifar13
24,é€™éƒ¨å¾ˆæ²»ç™’ ä¹Ÿæœ‰ä¸€äº›ææ€–çš„ç´°ç¯€,#FF9496,2,0,30,42780785,kkjt1030
25,å¯æ„›,#FFFFFF,1,0,34,42096407,smile10101
26,æ„Ÿè¬å‹•ç•«ç˜‹ï¼,#FFFFFF,1,0,35,37089028,cathykao1015
27,1130611,#FFFFFF,1,0,35,39908396,Cute710
28,é«”æ„Ÿä¸€åˆ†é˜ç¬‘çˆ†....XD,#FFFFFF,1,0,40,40543483,ncbob
29,ç°½,#FFFFFF,1,0,44,42661483,m617007
30,è¬è¬å·´å“ˆå¤§å“¥,#FFFFFF,1,0,47,41916318,zero77716
31,å¥½å¯æ„›å•Šï¼æˆ‘çš„å¤©,#FF9496,1,1,49,45101628,kateihan0307
32,å·´å“ˆæˆ‘å¤§å“¥å•Šå•Šå•Šå•Šå•Š,#FFFFFF,1,0,50,37116180,iorimo0u0
33,å…„å¼Ÿâ€¦,#FFFFFF,1,0,50,38425610,zzxcc132465
34,æ—¥æœ¬,#FFFFFF,1,0,52,44779016,amywei03
35,ç°½,#FFFFFF,1,0,58,38369474,hongyouc01
36,ç°½ï¼,#FFFFFF,1,0,58,41720550,Angrypig0212
37,äºŒåˆ·,#FFFFFF,1,0,59,44529553,st5109185
38,äº”åˆ·,#FFFFFF,2,0,62,37116008,kerrypeng62
39,å‘€ï½žï½žï½žè€¶,#FFFFFF,1,0,62,37846538,brianbon
40,ä½ çŸ¥é“æˆ‘è¦èªªä»€éº¼ã€‚(gif,#FFFFFF,1,0,65,37598411,ray030716
41,2024/7/3ç°½:D,#B538FA,1,0,65,40289891,Noisyfish
42,ç˜¦ç‰ˆçƒè–©å¥‡,#FFFFFF,1,0,65,42597745,loenyen73
43,ä¼Šå‘€å“ˆï½ž,#FFFFFF,1,0,70,37106233,blight0710
44,è¶…ä¸‰å°,#FFFFFF,1,0,70,41651190,kevinlin5220
45,(Â´ï½¥Ï‰ï½¥`),#FFFFFF,1,0,70,45532397,adcw
46,å…”å…”,#FFFFFF,1,0,71,37141334,marux3
47,å…„å¼Ÿï¼Œä½ é¦™,#FFFFFF,1,0,73,39173954,hoen0531
48,å…„å¼Ÿ...,#FFFFFF,1,0,75,38588475,hauch000727
49,ç°½,#FFFFFF,1,0,75,45040253,tjh0528
50,é€™æ™‚å€™è²å„ªé‚„å¾ˆå…‹åˆ¶å‘¢ï¼Œå¯æ„›å¯æ„›çš„ï¼Œå¾Œé¢å°±,#FFFFFF,1,0,76,41948239,Euphie617
51,30ç§’å»£å‘Š é€²ä¾†çœ‹1åˆ†é˜:ï¼‰,#FFFFFF,1,2,80,38930758,s2p7hc2r9g
52,ç°½,#FFFFFF,1,0,80,42439437,JiaRui0719
53,å…„å¼Ÿ,#FFFFFF,1,0,81,41531892,mken
54,é˜ªæ€¥é›»éµæœ‰æ­åˆ°,#FF9625,1,0,85,38108219,erichuang80s
55,è®šè®š,#FDE53D,2,0,85,43843894,Mia1020214
56,ç¬¬ä¸€æ¬¡çœ‹å‹•ç•«,#FFFFFF,1,0,86,41514906,z7957309
57,å…„å¼Ÿ...å…„å¼Ÿ...,#FFFFFF,1,0,87,37089556,as22768221
58,å‘€å“ˆ,#FFFFFF,1,0,87,42160399,fe6793
59,å…”å­çŽ©å¾—é‚£éº¼é–‹å¿ƒï¼Œæˆ‘è½äº†ä¹Ÿå¥½é–‹å¿ƒ,#FDE53D,1,0,88,41712600,DKLin0218
60,å·´å“ˆæˆ‘å¤§å“¥å•Šå•Šå•Šå•Šå•Šå•Šï¼å‘€ï½žï½žï½žï½žå“ˆï½žï½ž,#00C3FC,1,0,90,37320818,cutez77
61,æˆ‘ä¹Ÿæƒ³ä¸ŠåŽ»å½ˆè·³XD!!!!,#FFFFFF,1,0,93,37090008,akarimez
62,20250203,#FFFFFF,1,0,93,43750059,s0813707
63,æ€Žéº¼å¯ä»¥é‚£éº¼å¯æ„›,#FFFFFF,1,1,95,37836304,mia10110060
64,å¥½å¥½åƒçš„æ„Ÿè¦º,#FF9496,1,0,95,39963271,haru15
65,æˆ‘æ²’äº†,#FFFFFF,1,0,95,41584015,momoja0405
66,å¯æ„›æ­»,#FFFFFF,1,0,95,44179848,g840483938
67,å’¿å‘€å“ˆ,#FFFFFF,1,0,97,37089017,xrayxrayxray
68,å¥½å¯æ„›å•Šå•Š,#FFFFFF,1,0,97,46099545,t7cct7tc7c8
69,å¥½ç™²æˆ‘å–œæ­¡,#FFFFFF,1,0,98,40277813,s06578
70,é€™ä¹Ÿå¤ªçµ²æ»‘,#FFFFFF,1,0,98,44056626,WWW924051
71,å‘€,#FFFFFF,1,0,100,42386189,UwUsb924549
72,äºŒåˆ·,#FFFFFF,1,0,101,43860125,inspiration9
73,ç°½,#FFFFFF,1,0,105,40784961,yu2501171025
74,ç¾Šç²‘ç²‘,#FFFFFF,1,0,105,44235094,K941119
75,ï¼ï¼ï¼,#FFFFFF,2,0,106,42505502,pink20111129
76,24ï¼7ï¼18 ä¸€åˆ·,#0036FA,2,2,109,40649740,xgu3771
77,å‘€å“ˆï¼,#FDE53D,2,1,112,44403849,wunuynuy
78,å¥½å¯æ„›,#FFFFFF,1,0,114,44529401,st5109185
79,å•Šå•Šå•Šå•Šå•Šå•Š å¥½å¯æ„›,#FF0026,1,0,115,41104639,zzx0914
80,è¶…æ„›å°å…«,#FFFFFF,1,0,115,42722940,g57z2p9hz8
81,å¥½å¯æ„›R,#FFFFFF,1,0,116,37255874,orpeter2266
82,é€™å€‹YA~çš„é…éŸ³ä¹Ÿå¤ªå¥½ç¬‘ðŸ¤£,#FFFFFF,1,0,116,40913696,sasujiya0214
83,å·´å“ˆæˆ‘å¤§å“¥,#FFFFFF,1,0,117,39327143,a4090851206
84,.,#FFFFFF,1,0,118,43528987,q3882222
85,å…”å“¥å¨æ­¦,#FFFFFF,1,0,120,37088992,svn77
86,Ê• â€¢á´¥â€¢Ê”,#FFFFFF,1,0,120,45532417,adcw
87,æˆ‘å¥½åƒæœ‰å‰ä¼Šå¡å“‡æ­£ç‰ˆå°å¨ƒå¨ƒ,#FF02D3,2,0,121,41338198,qdi201716
88,2025.11.25ç°½,#FDE53D,1,0,123,47316555,MilkTea157
89,å‰ä¼Šå€¼å¾—ä½ å„²å€¼ä»˜è²»,#FF9625,2,2,124,41569792,kmc41891
90,å…„å¼Ÿâ€¦ä½ å¥½é¦™,#00C3FC,1,0,125,39026504,BHSN00004rpu
91,æˆªåœ–ç•¶æ¡Œå¸ƒ,#FFFFFF,1,0,125,40271962,Bananaaa
92,åˆ¥æ€•30ç§’å»£å‘Šï¼Œå› ç‚ºä½ æœƒä¸€ç›´é‡æ’­çœ‹1å°æ™‚,#FF9625,1,0,125,41712632,DKLin0218
93,æŒ–å“­æŒ–å“­,#FFFFFF,2,1,125,41820652,terryc92
94,å…„å¼Ÿ...,#FFFFFF,1,0,126,38724243,Tt97011
95,çƒè–©å¥‡æˆ‘å¤§å…”å“¥,#FFFFFF,1,0,128,37923685,fkps9450432
96,å…„å¼Ÿä½ å¥½é¦™,#FFFFFF,1,0,129,37912075,thffhrherh5
97,æˆ‘æ˜¯å…”åª½å’ª,#FDE53D,2,2,129,42400432,yjyjyyjj
98,å—¨,#FFFFFF,1,0,129,42530942,Wufun123
99,ä¸‰å°,#FFFFFF,1,0,130,37130234,ryan950623
100,å¥½å¯æ„›,#FFFFFF,1,0,130,42719189,opendassh
101,8,#FFFFFF,1,0,133,44529558,st5109185
102,å…„å¼Ÿ,#FFFFFF,1,0,135,37905019,Liny37723
103,è²·äº†æœƒå“¡çœ‹ä¸äº†å»£å‘Šå‘¢,#FF0026,1,2,135,39669980,skfq99492p
104,å—šå•¦ å—šå•¦ å—šå•¦,#FFFFFF,2,2,135,40035961,egggg0720
105,å¯æ„›ï¼,#FFFFFF,1,0,135,42832226,wwww98347
106,å˜»å˜»,#FF02D3,2,0,135,44777412,n2mdgjrmnx
107,å·´å“ˆæˆ‘å¤§å“¥,#FFFFFF,1,0,140,40226966,rc20081109
108,ä½ å¥½å‰ä¸€å¡å¨ƒ,#00FF91,1,1,143,45336499,peide256
109,æˆ‘å¯ä»¥é‡è¤‡Næ¬¡,#FFFFFF,1,0,144,42655630,Euphie617
110,å¥½å¯æ„›,#FF9496,2,0,148,42344679,QAQ108017
111,å¥½å¯æ„›,#FFFFFF,1,0,148,45613814,hs109026
112,å—šå•¦,#FFFFFF,1,0,151,41817353,cjad20010827
113,å¥½å¯æ„›,#FF9496,1,0,152,42649121,paz76823361
114,å…„å¼Ÿè½‰å€‹èº«,#FFFFFF,2,0,155,38197027,Dd090527
115,ç™¼ç¾æ‰1åˆ†å¤šé˜å»è¦çœ‹30ç§’å»£å‘Šï¼Œç›´æŽ¥è²·ä»˜è²»:D,#FF9496,2,2,155,41472799,koorishin
116,çƒ,#FFFFFF,1,0,155,43754902,s1080025
117,å¥½å¯æ„›å“¦ðŸ˜ðŸ¥°ðŸ¥°,#FF0026,1,0,155,44501388,aliny54689
118,é«”æ„Ÿä¸€åˆ†é˜,#FFFFFF,1,0,159,40792176,aaazxc348481
119,æ³°å¯æ„›è¾£!,#FF0026,2,0,160,43489018,tariuang
120,å¼·çƒˆå»ºè­°è²·æœƒå“¡ï¼ï¼ï¼,#FDE53D,1,0,160,43991692,sy09871601
121,å…„å¼Ÿä½ å¥½é¦™,#FFFFFF,1,0,162,39629298,Shsjwi
122,å°å¯æ„›ç™»å ´ï¼,#FF0026,2,0,165,41104654,zzx0914
123,è¶…å¯æ„›///////////////////,#FFFFFF,1,0,168,37088925,akarimez
124,çƒè–©å¥‡~~~~~~~,#FFFFFF,1,0,171,46178393,laeglel
125,30ç§’çš„å»£å‘Šçœ‹ä¸€åˆ†åŠçš„å°å…«.,#FFFFFF,1,0,172,37090126,murphyhu0219
126,è›¤,#FFFFFF,1,0,173,42646453,eric200571
127,2024/11/28 äºŒåˆ· æ±‚æ›´æ–°,#FFFFFF,0,0,175,42913488,aids123die
128,ä½ å¥½å¯æ„›å•ŠðŸ¥¹,#FFFFFF,1,0,176,39508940,amandalin607
129,å¥½å¯å“€,#FFFFFF,1,0,176,42513019,wugu10416
130,å…„å¼Ÿ åƒçµ±ä¸€å¸ƒä¸å›‰,#FFFFFF,1,0,177,39288033,Nakobalala
131,é–‹é ­å°±çŽ©é£Ÿç‰©,#FFFFFF,1,0,179,43844028,egriawei
132,è¶…å¯æ„›,#FFFFFF,1,0,179,44179850,g840483938
133,å¥½å¥½çœ‹å•Šï¼,#FFFFFF,1,0,184,44456224,nxjhcfynvq
134,å•Šå•Šå•Šè¶…å¯æ„› æˆ‘æ²’äº†///,#FFFFFF,1,0,185,37106243,blight0710
135,è½èªªè¾±è¯äº† ä¾†çœ‹çœ‹æ˜¯ä»€éº¼ç¥žä½œ,#FFFFFF,1,0,185,38868903,IamBongu0626
136,å…„å¼Ÿ,#FFFFFF,1,0,186,37249637,designer22
137,ç°½,#FFFFFF,1,0,188,42532155,rosa0812
138,å¥½èŒå–”,#FFFFFF,1,0,191,43650216,annana566
139,å…„å¼Ÿ....,#FFFFFF,1,0,192,40389980,llennskadi
140,å‘€!!!!,#FFFFFF,1,0,193,41946183,Onandoff
141,å…„å¼Ÿâ€¦,#FFFFFF,1,0,195,37292990,enjoyuting
142,ç‚ºäº†çœ‹ å…„å¼Ÿï¼Œä½ å¥½é¦™ è²·æœƒå“¡,#FFFFFF,1,0,197,41802021,a24060535
143,å…„å¼Ÿ è½‰èº« æœ‰æ€¥äº‹,#FFFFFF,1,0,198,38904909,Isjskana
144,æˆ‘çš„å‰ä¼Šå®å®ï¼ï¼,#FFFFFF,1,0,200,39826739,IIJiYi107
145,å¥½å¯æ„›ï¼ï¼ï¼ï¼,#FF0026,2,0,200,43658861,qwq1204
146,é€™ä¸‰å°,#FFFFFF,1,0,201,41353244,BHSN00002kht
147,å…„å¼Ÿ ä½ å¥½æœ‰å‘³é“,#FFFFFF,1,0,201,41924853,hhhh8514
148,å‰å“‡,#FF0026,1,0,208,41386750,redskycity
149,å…„å¼Ÿæœ‰æ€¥äº‹,#FFFFFF,1,0,210,38771376,Steven1226
150,çƒè–©å¥‡æˆ‘å¯¶è²,#FFFFFF,1,0,210,38905005,n1073219
151,å…„å¼Ÿä½ å¥½é¦™,#FF0026,2,2,210,41495379,n5gh98vz4n
152,é€™ä¸‰å°,#FF0026,2,1,215,38403282,smoonzz
153,å¥½å¯æ„›å•Šå¤©,#FFFFFF,1,0,215,42318674,wxiaomei945
154,å¸ƒä¸å…”å…”ï¼ï¼ï¼,#FDE53D,1,0,220,38517823,linliyan6008
155,é»é»é»,#FFFFFF,1,0,220,40271970,Bananaaa
156,å•Šå•Šå•Šå¯æ„›,#FF02D3,1,0,220,42925458,angel1joanne
157,æˆ‘ç¬¬ä¸€æ¬¡çœ‹,#FFFFFF,1,0,221,41164994,tsubakilee
158,å¥½å¯æ„›å–”,#FFFFFF,1,0,223,37089664,torappub70
159,çœ‹å·´å“ˆé‚£éº¼ä¹… ç«Ÿç„¶æ˜¯å› ç‚ºå‰ä¼Šå¡å“‡èª²é‡‘,#FFFFFF,1,0,225,42426973,Roubert
160,ç¬¬ä¸€æ¬¡åœ¨å·´å“ˆèª²é‡‘å°±ç‚ºäº†å‰ä¼Šå¡å“‡,#FFFFFF,1,0,225,43478064,ch0922
161,æ± æ²¼å¸ƒä¸,#FF9625,2,1,235,37097163,w3616327
162,æˆ‘æ˜¯æ–°ç²‰ðŸ¤¡ðŸ¤¡,#FFFFFF,1,0,235,42318680,wxiaomei945
163,å¥½å¯æ„›ðŸ˜ðŸ˜,#FFFFFF,1,0,236,41012224,kaito0621
164,å¹¹æˆ‘è·Ÿæˆ‘åŒå­¸ww,#FFFFFF,1,0,240,37884243,c107049
165,é¦–åˆ· æ©ŸçŽ‡ä¸‹ 2024/9/1,#FFFFFF,1,0,240,41578076,S1104930830
166,å…„å¼Ÿï¼Œä½ å¥½é¦™( ã€‚á»› â‚ƒá»)Ú¾,#FFFFFF,1,0,246,42323685,gndr1798
167,å¡å“‡,#FFFFFF,1,0,249,37090109,kodgreen59
168,çƒæ‹‰,#FFFFFF,1,0,250,37088965,hettt5655
169,å…„å¼Ÿ ä½ å¥½é¦™,#FFFFFF,2,0,252,37590354,C8763jason
170,æœ€æ„›å…”å“¥çƒè–©å¥‡,#FFFFFF,1,0,252,41204719,jessie78327
171,æ™´ç©ºå¡”æœ‰çœ‹åˆ°é€™æ®µ,#FFFFFF,1,0,258,37105528,mu317666
172,"æœ‰äººåœ¨å—Žå˜‰ç¾©

æœ‰äººåœ¨å—Ž+1",#FFFFFF,1,0,259,41165004,tsubakilee
173,æˆ‘å°±ä¾†çœ‹çœ‹ä»–åœ¨ç´…ä»€éº¼,#FFFFFF,1,0,260,41587998,Yan705
174,ç‚ºä»€éº¼æœƒæœ‰HOMOç™¼è¨€å•Šï¼,#FFFFFF,1,0,262,38747311,HeyMeow
175,å…„å¼Ÿä½ å¥½é¦™,#FFFFFF,1,0,265,37200055,BHSN00005180
176,äº’èˆ”å°±æ˜¯å¦å¤–çš„åˆ†é¡žäº†,#FFFFFF,1,0,267,39361498,TAITAN
177,å¯æ„›,#00C3FC,1,0,267,40894454,kekerry75
178,2024/8/26ä¸€åˆ·,#FFFFFF,1,0,267,41455922,cupid005
179,å¯æ„›åˆ°çˆ†ç‚¸,#FFFFFF,1,0,270,47392642,onepluschen
180,å…„å¼Ÿä½ å¥½é¦™XD,#FFFFFF,1,0,275,42218642,Jing54017
181,å…„å¼Ÿ,#FFFFFF,1,0,284,38507836,badkin
182,ç‚ºäº†å‰ä¼Šæˆ‘è„«é›¢ç•¶å…è²»ä»”,#FF0026,2,2,285,41698846,Lancelot1204
183,å•Šå•Šå•Šå•Šå•Šå¥½å¯æ„›,#FF0026,1,0,285,43658863,qwq1204
184,é·—ç§‘,#FFFFFF,1,0,288,45911440,badbadtzes
185,å¥½å¯æ„›ï½ž^â€†_â€†^ðŸ˜,#FFFFFF,1,0,290,44530212,a8962189
186,å¯æ„›,#FFFFFF,1,0,290,45735353,yk2m6tbvb9
187,å¥½å¯æ„›ðŸ« ,#FFFFFF,1,0,291,39717927,Sonnun
188,å’¦å‘€ï¼ï¼ï¼ï¼ï¼,#FFFFFF,1,0,294,39156757,jnini107040
189,é¦™é¦™çš„ï½žï¼ˆï¼Ÿ,#FF0026,1,1,294,45101639,kateihan0307
190,åœ¨çš„èªªè©±,#FFFFFF,1,0,295,43843903,Mia1020214
191,å•Šï½žï½žï½ž,#FFFFFF,1,0,296,43574718,kevinerrt098
192,^^,#FFFFFF,1,0,298,43535454,dozwang
193,???,#FFFFFF,1,0,299,39987834,karta2194512
194,å°å¯¶å¯¶å€‘ËŠ///Ë‹,#FFFFFF,1,0,303,37090112,kodgreen59
195,é€™éš»é»ƒè‰²çš„å¥½æ¬ æ‰“,#FFFFFF,1,0,307,39310541,a631003
196,æœ€æ„›å…”å“¥çƒè–©å¥‡>///<,#FFFFFF,1,0,307,41204730,jessie78327
197,å—…å—…,#FFFFFF,1,0,309,37846552,brianbon
198,æµ·å—¨å—¨å—¨å—¨ðŸ‘ðŸ‘ðŸ‘ðŸ‘ðŸ‘,#00C3FC,1,0,315,42633677,yzf8rvkgnk
199,å…”å­è¶…ã„æ­ª,#FFFFFF,1,0,316,37182596,rockman73
200,çœŸé¦™,#FFFFFF,1,0,319,47513553,luckmydog
201,#På¯æ„›,#FFFFFF,1,0,320,45613822,hs109026
202,çƒè–©å¥‡å¯¶è²,#FFFFFF,1,0,323,44529406,st5109185
203,å¥½å¯æ„›,#FFFFFF,1,0,324,38508089,Furabbit
204,æ„Ÿè¦ºè¶…é»è¸¢è¸¢çš„,#FFFFFF,1,0,325,38219587,keroro9987
205,åœ¨å¹¹å˜›,#00FF91,1,0,325,41977362,Alice5555
206,å‰å…«,#FFFFFF,2,0,325,43824367,NOSAJJASON
207,çœ‹èµ·ä¾†å¾ˆå¥½åƒ,#FFFFFF,1,0,329,43200774,amy20130605
208,å‘€ï½žï½žï½ž,#FFFFFF,1,0,332,39926073,kg147369
209,å…„å¼Ÿ ä½ å¥½é¦™é˜¿,#FFFFFF,1,0,332,42273064,q8882020
210,å¥½å¯æ„›,#FFFFFF,1,0,334,42109022,alerub
211,å¯æƒ¡ æˆ‘å±…ç„¶ç‚ºäº†å‰ä¼Šå¡å“‡èª²é‡‘,#FF0026,1,2,335,41989040,fly410149
212,æœ€å–œæ­¡çƒè–©å¥‡+1ï½žï½žï½ž,#FFFFFF,1,0,335,44131268,tina117
213,å…„å¼Ÿ ä½ å¥½ç”œ,#FFFFFF,1,0,340,37912085,thffhrherh5
214,å¥½å¯æ„›,#FFFFFF,1,0,340,46039271,xliu70190
215,å…”å­å¯æ„›å¯¶å¯¶,#FFFFFF,1,0,340,46989378,olivia0127
216,æƒ³åƒé¬†é¤…,#FFFFFF,1,0,342,38798408,shadow121010
217,å»£å‘Šæ¯”å½±ç‰‡ä¹…XD,#FFFFFF,1,0,342,43809188,pikachiuweii
218,???,#FFFFFF,1,0,344,40801113,Angela213120
219,å¥½å¯æ„›å–”,#FFFFFF,1,0,347,43024888,j1070526
220,å…„å¼Ÿä½ å¥½é¦™,#FF0026,1,0,350,38700882,milkppt
221,2025.5.15ç°½åˆ°,#FFFFFF,1,0,353,45001925,hanning525
222,æˆ‘12äº†,#FF0026,1,0,355,44035485,Dhkwk
223,å¥½å¯æ„›~,#FFFFFF,1,0,356,38496581,vicky220
224,å…”å“¥,#FFFFFF,1,0,356,43754904,s1080025
225,å½±ç‰‡90ç§’ å»£å‘Š30ç§’,#FFFFFF,1,0,356,44744709,a4391030
226,???,#FFFFFF,1,0,359,41709872,joe71406
227,å…„å¼Ÿä½ å¥½é¦™,#FFFFFF,1,0,359,44049543,A524gino
228,è›¤?,#FFFFFF,1,0,360,41701450,gl0507
229,å¥½è®š,#FFFFFF,1,0,364,37285672,k122662479
230,æˆ‘ä¹Ÿè¦åƒå¸ƒä¸,#FFFFFF,1,0,365,43908582,Anima0415
231,y,#FFFFFF,1,0,366,42795395,haps108240
232,å—¨,#FFFFFF,1,0,370,41337806,CATDOG2333
233,å’¿å’¿å’¿å’¿å’¿å’¿å’¿å’¿å’¿å’¿å’¿å’¿å’¿å’¿,#FFFFFF,1,0,372,43519307,joy613536
234,éŽåŠè­¦å‘Š,#FFFFFF,1,0,376,37359970,robin7331899
235,æ„Ÿè¬å·´å“ˆä¸Šå‹•ç•«,#FFFFFF,1,0,378,37257322,mo0209
236,å—¨,#FFFFFF,1,0,380,42678961,s109231
237,å¥½å¯æ„›,#FFFFFF,1,0,380,43032398,Katie2013
238,å–”æˆ‘è¦ä¸è¡Œæƒ¹,#FFFFFF,1,0,382,43650219,annana566
239,èª²çˆ†!!!!!!!!!!!!!!!!!!!!!!,#FFFFFF,1,0,386,42317242,lois19920926
240,å¯æ„›,#FF9625,2,2,387,42532160,rosa0812
241,&2&8/$:7.!/,#FFFFFF,1,0,390,41438770,s0714eddie
242,æœƒæœ‰èžžèŸ»XD,#0036FA,1,0,392,39963278,haru15
243,æˆ‘ç«Ÿç„¶æœ‰åæ‡‰æ¬¸ï¼ï¼ï¼,#FF0026,1,1,395,44035489,Dhkwk
244,å£æ„›,#FFFFFF,1,0,397,38841610,roucichiu
245,æˆ‘çš„å±è‚¡â¬‡ï¸,#FFFFFF,2,1,398,37740788,Luna1023
246,å¥½å¥½åƒ,#FFFFFF,1,0,400,43023482,cxj20130622
247,å“‡,#FFFFFF,1,0,400,44529562,st5109185
248,çœ‹åˆ°å£žé¬†é¤…ç›´æŽ¥ç¬‘å‡ºä¾†,#FFFFFF,1,0,405,41223436,kbfr
249,å¥½å¯æ„›,#FFFFFF,1,0,405,42949205,ye978799
250,ç¢°ï¼,#FDE53D,2,2,408,37209651,seeso
251,å¯æ„›,#FFFFFF,1,0,410,41576686,Yuooo1221
252,äº”ä¸ƒè¦ªæ„›çµ¦å…§é¬§é¬§,#FFFFFF,1,0,412,45911443,badbadtzes
253,ä½ é€™å€‹å£žé¬†é¤…,#FF0026,1,2,415,40285661,wegt458
254,ç¢°,#FFFFFF,1,0,416,42220545,qOuOl
255,æ€Žéº¼åˆ°è™•éƒ½æœ‰homoé˜¿ (æƒ±,#FFFFFF,1,0,428,37933031,udte0503
256,å¯¶å¯¶!,#FFFFFF,1,0,431,42192993,peter880421
257,è›¤~,#FFFFFF,1,0,434,45808451,jobe13321712
258,å…„å¼Ÿâ€¦,#FFFFFF,1,0,438,39010683,yukipedia
259,éŽåŠè­¦å‘Š(ä¹Ÿå¤ªå¿«xd),#FFFFFF,1,0,440,44467853,Meatbun1204
260,<(Ë™â–½Ë™<),#FF9496,2,0,442,37651666,pinky122116
261,å¥½å¯æ„›,#FF0026,1,1,442,42577275,ryanwu0615
262,ç¢°,#00FF91,1,0,444,41946188,Onandoff
263,TV,#FFFFFF,1,0,445,46135365,phone0331
264,ðŸ˜¯,#FFFFFF,1,0,450,40744524,ooxx1125
265,Isuzu b hsushshushs sixoxiuðŸ«’ðŸ˜‚ðŸ«’,#00FF91,1,0,450,41438775,s0714eddie
266,ç“¦å‹žèª’,#FFFFFF,1,0,454,46686879,sioderdiu2
267,æˆ‘æœ‹å‹å°„äº†,#FF0026,1,1,455,44035504,Bro0201
268,å…”å­å¥½é¬§ðŸ¤£ðŸ¤£å¯æ„›,#FFFFFF,1,0,460,41452694,nina766335
269,é˜¿,#FFFFFF,1,2,461,46431432,Wilfred326
270,é¬†é¤…ï¼Œä½ å¥½é¦™( ã€‚á»› â‚ƒá»)Ú¾,#FFFFFF,1,0,463,43683890,annana566
271,äººé¡žï¼šæ‰‹æ©Ÿå…ˆåƒ,#FFFFFF,1,0,463,43683900,annana566
272,é€™é£Ÿç‰©é€™ç®—ä¸ç®—SM,#FFFFFF,1,0,463,43683911,annana566
273,ç£…ï¼,#FDE53D,1,2,465,37363800,chenwenxin
274,å…„å¼Ÿ æƒ³è¶´ä½ ,#FFFFFF,1,0,465,37912091,thffhrherh5
275,ç‚ºä»€éº¼è¦æ‹ï¼Ÿ,#FFFFFF,1,0,465,40271978,Bananaaa
276,çœŸçš„å¥½ç™‚ç™’,#FF9496,2,0,466,42934909,yuyan5831
277,ä»€éº¼å¯æ„›å°å¡é€šï¼æ ¹æœ¬ç¾Žé£Ÿç¯€ç›®å—ŽðŸ§¡ðŸ§¡ï¼,#FDE53D,2,0,466,44403861,wunuynuy
278,%,#FDE53D,1,0,467,37090648,xman123
279,å¥½æ„›å…”å…”çš„ç²¾ç¥žç‹€æ…‹,#FFFFFF,1,0,468,42694476,mia7721
280,æˆ‘æ˜¯é¬†é¤…ww,#FFFFFF,1,2,470,44806397,season1011
281,spanking,#FFFFFF,1,0,471,42004802,Newbiesama
282,æˆ‘ä¹Ÿæƒ³æ‹æ‰“é¬†é¤…,#FF0026,2,0,474,37172402,qwe30315
283,çƒè–©å¥‡,#FFFFFF,1,0,475,42552428,Jamei0111
284,2æœˆ9æ—¥,#FFFFFF,1,0,475,43843917,Mia1020214
285,ðŸ•,#FFFFFF,1,0,475,44957860,cwr1120
286,å¥½é¦™å•Š,#FFFFFF,1,0,477,41817960,cjad20010827
287,bonk,#FFFFFF,1,0,478,37102731,sevenwgsss
288,å¥½é¬§å–”www,#FFFFFF,1,0,478,46909794,jerrywu6380
289,%,#FFFFFF,1,0,480,37093635,BBB122328
290,å¥½æƒ³åƒ,#FFFFFF,1,0,480,44529563,st5109185
291,å“ˆå“ˆå“ˆ,#FFFFFF,1,0,485,42454655,ayiimilk
292,å¥½å¯æ„›,#FF9496,2,0,487,41465869,ching72325
293,è¬è¬å·´å“ˆ,#FFFFFF,1,0,489,38014630,tiger5567
294,ç„¡æ•µå¯æ„›ï¼ï¼,#FFFFFF,1,0,489,38496585,vicky220
295,æˆ‘åˆ‡åˆ‡åˆ‡ï¼,#FFFFFF,2,2,490,41385333,cecelia0407
296,è¶…å¯æ„›ã„Ÿ,#00C3FC,1,0,490,43594337,yqr1009
297,å¥½å¥½åƒ,#FFFFFF,1,0,495,38508093,Furabbit
298,å¿«è¢«å¯æ„›æ­»äº†æ•‘å‘½,#FFFFFF,2,0,495,40538581,shmily120433
299,æ‰“æˆ‘å±è‚¡,#FF0026,2,1,496,39378644,BHSN000058k3
300,é£Ÿç‰©SM,#FDE53D,2,2,497,41032278,sunnyjiss6
301,éŽåŠè­¦å‘Š,#FFFFFF,1,0,499,42532879,JIGUANG2010
302,ä¸è¦çŽ©é£Ÿç‰©,#FFFFFF,1,0,503,38219600,keroro9987
303,2024/11/11ç°½,#FFFFFF,1,0,503,42694481,mia7721
304,???????????????????????????,#FFFFFF,1,0,508,40801122,Angela213120
305,é€™æ˜¯å¤ªç†±å†æ‹åå¢Šçš„æ„Ÿè¦º,#FFFFFF,1,0,510,41544582,yuri930603
306,%%%,#FFFFFF,1,0,515,40226976,rc20081109
307,æ„Ÿè¬å·´å“ˆä¸Šæž¶è¶…å¯æ„›å‹•ç•«ï¼,#FFFFFF,1,0,517,37138683,amazingcaty
308,å¥½æƒ³æ‰ä»–å€‘å–”,#FFFFFF,1,0,518,41721397,alen940115
309,wow,#FFFFFF,1,0,519,44155003,timlin0808
310,ðŸ˜‹,#FFFFFF,1,0,520,37869385,m18322415928
311,æˆ‘æƒ³åƒé¬†é¤…ðŸ¥ž,#FFFFFF,1,0,520,38905017,n1073219
312,åƒè²¨å…”å…”,#FFFFFF,1,0,520,44744627,rvvvv
313,å¥½å¯æ„›,#FF9496,1,0,522,40667147,ariel0321
314,å’–å“‡ä¼Š,#FFFFFF,1,0,524,37110884,Ohayouu
315,è®“æˆ‘æƒ³åˆ°æ‰“å¥³å‹å±è‚¡,#FFFFFF,1,0,524,38239728,s7012806
316,å¥½æƒ³åƒ,#FF0026,2,0,527,37172403,qwe30315
317,æ‹æ‰“æ´›å¯é˜¿å¬¤,#FFFFFF,1,0,528,37209148,sholfen
318,#På¯æ„›å•Šå•Š,#FFFFFF,1,0,531,45613833,hs109026
319,çœ‹èµ·ä¾†ä¹Ÿå¤ªå¥½åƒ,#FFFFFF,1,0,535,40271980,Bananaaa
320,å¥½åƒ,#FFFFFF,1,0,535,40525529,monkeyyo001
321,ç‚ºäº†å‰ä¼Šå¡å“‡èª²é‡‘,#FFFFFF,1,0,535,46283705,chiinhsuan
322,å¯æ„›,#FFFFFF,1,0,539,44179853,g840483938
323,çƒè–©å¥‡è·Ÿå‰ä¼Šå¡å“‡æ˜¯é…’è‚‰æœ‹å‹,#FFFFFF,1,0,540,42597757,loenyen73
324,å…”å“¥å¥½å¯æ„›www,#FFFFFF,1,0,544,45414400,UUu00329
325,åª½çš„åª½çš„åª½çš„,#FFFFFF,1,0,545,37326727,Kujila510710
326,é åƒå¥½å¿«,#FFFFFF,1,0,545,41891424,bubble0315
327,ç”¨éŸå­åˆ‡ï¼Ÿå°å…«ï¼šã€Œå°å•Šã€æˆ‘ï¼šã€ŒðŸ¤£ðŸ¤£ðŸ¤£ã€,#FFFFFF,1,0,545,44501406,aliny54689
328,æ—©é¤åƒé¬†é¤…,#FF0026,2,0,546,37172404,qwe30315
329,å¯æ„›å‘€,#FFFFFF,1,0,547,41337819,CATDOG2333
330,å¥½æƒ³åƒï½ž,#FFFFFF,1,0,547,45701968,peggy062800
331,è¥¿,#00FF91,1,0,549,44529412,st5109185
332,å…”å­åƒæ±è¥¿å¥½å¯æ„›w,#FFFFFF,1,0,554,37088951,lonely250
333,å¥½å¯æ„›çš„å‰ä¾å¯¶å¯¶ æƒ³ä¸€å£åƒæŽ‰,#FF9496,1,0,555,41701527,belleee
334,æŒ–æ§½ æš´é¢¨å¼åžå…¥ ä¹Ÿå¤ªå¯æ„›äº†å§,#FFFFFF,1,0,557,44056647,WWW924051
335,ä»€éº¼å¥‡æ€ªç”Ÿç‰©,#00C3FC,2,0,559,41275706,aa91a0112
336,ä¸€å€‹ã€Œå•Šã€å„ç¨®æƒ…ç·’,#FFFFFF,1,0,560,40362225,meng7917
337,å¯æ„›,#FFFFFF,1,0,561,38086388,Tony15246
338,å¥½å¯æ„›ðŸ˜,#FF9496,1,0,570,37114336,kylieisme094
339,ðŸ¸,#FFFFFF,1,0,570,38496590,vicky220
340,æ·±æ·µå·¨å£(â ï¾‰ï¾Ÿâ 0ï¾Ÿâ )â ï¾‰â ,#FF0026,1,1,574,45101652,kateihan0307
341,å‰ä¼Šå¡å“‡åœ¨å¹«å‹•ç•«ç˜‹è³ºéŒ¢å—Ž å…å»£å‘Šçš„éŒ¢,#FFFFFF,1,0,575,41529918,emma061105
342,"æœ‰äººè·Ÿæˆ‘ä¸€æ¨£æ™šä¸Šçœ‹å—Ž
çœ‹äº†å¿«é¤“æ­»",#FFFFFF,1,0,576,41165019,tsubakilee
343,æƒ³åƒé¬†é¤…äº†å“ˆå“ˆå“ˆå“ˆå“ˆ,#FF9496,1,1,580,41391053,patty902
344,ä¸€å£å¡žä½ åˆ°åº•æ˜¯å…”å­é‚„æ˜¯å€‰é¼ ,#FFFFFF,1,0,589,42666789,chin0924
345,æ‘¸éª¨æ‘¸éª¨,#FFFFFF,1,0,590,39745768,Griswold
346,é«”æ„Ÿä¸€åˆ†é¾â€¦,#FFFFFF,1,0,591,37106844,a28607
347,é«”,#FFFFFF,1,0,595,43754911,s1080025
348,æˆ‘çˆ¸çˆ¸å¼µæ–‡éƒ¡,#FFFFFF,1,0,595,45190390,zijunwei0202
349,å–œæ­¡çœ‹å…”å…”åƒæ±è¥¿è¶…å¯æ„›ðŸ˜,#FFFFFF,1,0,596,44575045,peach9611
350,å•Šå•Šå•Šå•Š,#FFFFFF,1,0,600,41280684,fuyuyoru030
351,æš´åŠ›åƒé¬†é¤…,#FFFFFF,1,0,601,41817962,cjad20010827
352,å•Šå•Šå•Šé‚£å€‹è¶…å¯æ„›æ˜¯æ€Žæ¨£å•¦,#FFFFFF,2,0,605,38403305,smoonzz
353,å’¿å’¿å’¿å’¿å’¿å’¿å’¿å’¿å’¿å’¿å’¿å’¿å’¿å’¿å’¿å’¿å’¿å’¿å’¿,#FFFFFF,1,0,605,43519317,joy613536
354,è²·äº†è²·äº† æœˆç§Ÿæ–¹æ¡ˆç‚ºäº†çœ‹é€™å€‹XDD,#FFFFFF,1,0,606,37340484,ann84
355,?????????,#FFFFFF,1,0,608,42746830,abc21086999
356,30ç§’çš„å»£å‘Šï¼šï¼‰,#FFFFFF,1,0,610,37263626,joanna0321
357,å®¢æ„›æ„›,#FFFFFF,1,0,618,44179854,g840483938
358,ä¸æƒ³è®Šåªè¦ä¸»æµå°±èªªè¨ŽåŽ­ï¼Œä¾†å˜—è©¦äº†è§£é€™ä¸‰å°,#FFFFFF,1,0,619,41927849,asure8888
359,å¥½å¯æ„›å–”,#FFFFFF,1,0,621,42023149,tiff6323
360,é€™åˆ°åº•æ˜¯ä¸‰å°,#FF0026,1,0,625,42453288,allencgl1
361,çœŸå¥½ç”¨,#FFFFFF,1,0,625,46235352,Beeeeeemuuu
362,å¤ªå¿«å°±1é›†äº†å§,#FFFFFF,1,0,626,42893301,dd8842245
363,yuuyuyu,#FFFFFF,1,1,631,43103312,chenyin09
364,æƒ³åƒæ°·å·æ—¥èœï¼ˆCVå°æ¾¤äºžé‡Œï¼‰åœ¨å¹•å¾Œé¬¼å«,#FFFFFF,1,0,634,37110322,ol0SOW0lo
365,æ™šå®‰,#FFFFFF,1,0,637,44440673,jimmy0416
366,å“ˆå“ˆå“ˆå“ˆå“ˆ,#FFFFFF,1,0,637,45641984,dodylee0107
367,å“‡å•Šå•Š,#FFFFFF,1,0,640,45624030,aaaanini0824
368,ä»€éº¼çµæŸäº†ï¼ï¼Ÿæˆ‘åˆ°åº•çœ‹äº†ä»€éº¼ï¼Ÿï¼Ÿ,#0036FA,2,2,641,44139947,SUDU9527
369,è¶´ï¼æ²’äº†,#FFFFFF,1,0,642,41322892,z9ha45pt26xo
370,"æœŸå¾…åŠ å…¥å°å…«çš„æ¼”å”±:""D",#FFFFFF,1,0,643,37090118,kodgreen59
371,å†·çŸ¥è­˜ï¼šå·²çµæŸï¼Œè€Œä¸”ç‰‡å°¾å¾ˆé•·<(Ë™â–½Ë™<),#FFFFFF,1,2,643,43683942,annana566
372,è›¤,#FFFFFF,1,0,645,40059278,lina1050091
373,å¥½å¯æ„›å–”ï½ž,#FF9496,1,1,645,40451028,doggypig2019
374,â¤â¤â¤,#FFFFFF,1,0,648,42335915,yoyohsu1005
375,å°çŸ¥è­˜:å…”å­å¤–çš„å…©å€‹ä¸»è¦è§’è‰²éƒ½æ˜¯å°å­©é…çš„,#FFFFFF,1,0,649,37089016,pkpkpk86520
376,è¶…è®šã„‰ï¼ï¼ï¼ï¼ï¼ï¼ï¼,#FFFFFF,1,0,649,38496591,vicky220
377,ä¸æ˜¯é«”æ„Ÿä¸€åˆ†é˜ï¼Œæ˜¯çœŸçš„åªæœ‰ä¸€åˆ†é˜,#FFFFFF,1,0,650,37167002,LiaoWenhua
378,æ²’äº†ï¼Ÿï¼Ÿï¼Ÿï¼Ÿï¼Ÿï¼Ÿï¼Ÿï¼Ÿï¼Ÿï¼Ÿï¼Ÿï¼Ÿï¼Ÿï¼Ÿï¼Ÿï¼Ÿï¼Ÿ,#FF0026,2,1,650,39378653,BHSN000058k3
379,ï¼Ÿï¼Ÿã„¡ã„¡ã„¡ã„¡,#A7FE39,1,0,650,42920226,evaasgg128
380,éŸ³ä¹è¶…å¥½å¬ä¹Ÿè¶…å¯çˆ±~~~,#FF9496,1,0,653,38517836,linliyan6008
381,å¤ªå»¢äº†å§ï¼Ÿ,#0036FA,1,0,655,42555322,Lucy08070807
382,(*Â¯ï¸¶Â¯*),#FFFFFF,1,0,657,39156779,jnini107040
383,æ™‚é–“å°å·,#FFFFFF,1,0,660,37089286,nitama487
384,é€™åˆ°åº•æ˜¯ä¸‰å°,#FF0026,2,2,663,42532176,rosa0812
385,é«”æ„Ÿ90ç§’,#FFFFFF,1,0,665,37188419,chi525051
386,æ²’äº†å°±é€™æ¨£é è…°å•Š,#FFFFFF,1,0,665,41819554,Tyhbnvfg
387,èˆ‡,#FFFFFF,1,0,666,43967797,TONKEN
388,ç²¾ç¥žæ™‚å…‰å±‹,#FFFFFF,1,0,667,37102737,sevenwgsss
389,æœŸå¾…å°å…«å‡ºå ´ï¼,#FFFFFF,1,0,667,37138685,amazingcaty
390,è›¤,#FFFFFF,1,0,667,40706383,tiyu1118
391,é«”æ„Ÿä¸€åˆ†é˜,#FFFFFF,1,0,671,37175957,Pooooooooooo
392,ä¸çœ‹è²å„ªè¡¨æ­»éƒ½èªä¸å‡ºå…”å­æ˜¯å°æ¾¤äºžæŽ,#FFFFFF,1,0,672,37106452,Tomachen
393,æª”æ¡ˆçš„å°ç‘ªèŽ‰cv,#FFFFFF,1,0,672,37391086,a4810159
394,?,#FFFFFF,1,0,672,39260415,N4070022
395,è¦æ’åˆ°13-14é›†æ‰é–‹å§‹æœ‰åŠ‡æƒ…å–”~~~,#FFFFFF,1,0,672,44049554,leteargerbob
396,å½±ç‰‡90ç§’ å»£å‘Š30ç§’?????,#FFFFFF,1,0,673,44744720,a4391030
397,ä¸€åˆ†é˜é€™éº¼çŸ­,#FFFFFF,1,0,675,41529899,emma061105
398,?????,#FFFFFF,1,0,675,47456632,mein589
399,é«”æ„Ÿ10ç§’é˜,#FFFFFF,1,0,677,44115716,geoguessr
400,æ—¥æœ¬,#00C3FC,1,0,678,44808709,amywei03
401,åŽŸä¾†ä¸€é–‹å§‹æ²’æœ‰å°å…«å”±æ­Œ,#FFFFFF,1,0,680,37090326,aasw91330
402,è›¤,#FFFFFF,1,0,680,37512346,sXD324
403,XDD,#FFFFFF,1,0,681,38837447,etal
404,æ²’äº†ï¼Ÿï¼Ÿï¼ŸðŸ–•ðŸ–•ðŸ–•ðŸ–•ðŸ–•,#FF9625,1,0,683,43195457,Lisa2012821
405,æœ¬ä¾†å°±ä¸€åˆ†é˜æ˜¯åœ¨é«”æ„Ÿä¸‰å°,#FFFFFF,1,0,685,37255433,loveyou78912
406,ä»€éº¼ï¼Ÿæ²’äº†ï¼Ÿ,#FFFFFF,1,0,685,38837432,etal
407,è›¤,#FFFFFF,1,0,685,41884099,FATEMO
408,å“ˆå“ˆå“ˆ,#FFFFFF,1,0,687,41660743,a1710199021
409,è›¤ï¼Ÿ,#FFFFFF,1,0,689,42220557,qOuOl
410, è›¤?,#FFFFFF,1,0,690,37656514,jp956956
411,é€™åˆ°åº•æ˜¯ä»€éº¼é¬¼,#B538FA,1,0,690,41473515,czkcqkqzty
412,é‚£å€‹ä»€éº¼ä»€éº¼æ„›å“­é¼ å’©www,#FFFFFF,1,0,690,41933384,zaken000
413,ï¼Ÿï¼Ÿï¼Ÿï¼Ÿï¼Ÿï¼Ÿï¼Ÿï¼Ÿï¼Ÿï¼Ÿï¼Ÿï¼Ÿï¼Ÿï¼Ÿï¼Ÿï¼Ÿï¼Ÿï¼Ÿï¼Ÿï¼Ÿ,#FF0026,2,2,690,44897561,tommy1020712
414,å¥½å¯æ„›å•Šå•Šå•Šå•Šå•Šå•Šå•Š,#FFFFFF,1,0,690,46092643,ella0205
415,?????,#FFFFFF,1,0,691,41644995,sodragon
416,æ²’äº†ï¼Ÿï¼Ÿï¼Ÿï¼Ÿï¼Ÿï¼Ÿï¼Ÿï¼Ÿï¼Ÿï¼Ÿï¼Ÿï¼Ÿï¼Ÿï¼Ÿï¼Ÿï¼Ÿï¼Ÿï¼Ÿ,#FFFFFF,1,0,693,41165047,tsubakilee
417,æ²’æ­Œè©ž,#FFFFFF,1,0,695,42597761,loenyen73
418,æ²’äº†ï¼Ÿï¼Ÿï¼Ÿ,#FFFFFF,1,0,696,40784995,yu2501171025
419,å—šå“‡å—šå“‡ æ²’äº†ï½ž,#FFFFFF,1,0,700,41606752,a54494028
420,å»£å‘Š30ç§’é€²ä¾†ä¸€åˆ†é˜,#FFFFFF,1,0,700,42845328,Zoe1010521
421,æˆ‘åœ¨çœ‹ä»€éº¼ï¼Ÿï¼Ÿï¼Ÿ,#FFFFFF,1,0,701,45023046,RTty971105
422,é«”æ„Ÿä¸€åˆ†é˜,#FFFFFF,1,0,703,41322900,z9ha45pt26xo
423,å¥½å¯æ„›,#FFFFFF,1,0,703,42107580,yyz0329
424,è¶…å»¢,#FFFFFF,1,0,704,45388579,Danielyang00
425,1åˆ†é˜XD,#BEBEBE,1,0,705,37310746,p1997201244
426,æ³¡éºµéƒ½é‚„æ²’å¥½,#FFFFFF,1,0,705,40822214,roubai1203
427,å¡æ‹‰okç‰ˆï¼ˆX,#FFFFFF,1,0,705,44295966,Sadone2005
428,ï¼Ÿï¼Ÿï¼Ÿï¼Ÿï¼Ÿï¼Ÿï¼Ÿ,#FFFFFF,1,0,710,43494643,kobeleobryan
429,çœŸçš„é«”æ„Ÿä¸€åˆ†é˜,#FFFFFF,1,0,712,37152327,tokl2508
430,é«”æ„Ÿä¸€åˆ†é˜,#FFFFFF,1,0,713,41061847,A19971212
431,å¯ä»¥,#FFFFFF,1,0,714,42679294,cyc0321
432,ï¼Ÿï¼Ÿï¼Ÿï¼Ÿï¼Ÿï¼Ÿ,#FFFFFF,1,0,715,44405211,mika1011002
433,å°å…«åœ¨çµå°¾ å¯æ„›,#FFFFFF,1,0,717,37340486,ann84
434,è¥¿è¥¿ä¸è¥¿è¥¿,#FFFFFF,1,0,717,44529568,st5109185
435,============,#FFFFFF,1,0,717,45236824,shinnae26
436,çœŸçš„é«”æ„Ÿ3ç§’,#FFFFFF,1,0,719,37884256,c107049
437,é›–ç„¶çŸ¥é“å¾ˆçŸ­ä½†çœŸçš„åš‡åˆ°æˆ‘äº†ðŸ¤£,#FFFFFF,1,0,720,37941426,yenlin1004
438,æ²’äº†ï¼Ÿ,#FFFFFF,1,0,722,37101694,cheninda1234
439,??,#FFFFFF,1,0,722,44615965,LordXavier
440,å“­å•Š ä¸€åˆ†é˜çš„å½±ç‰‡ è¦çœ‹ä¸‰åç§’çš„å»£å‘Š,#FFFFFF,1,0,724,37533365,mo000136
441,ç‚ºäº†é€™ä¸€åˆ†é˜çœ‹30ç§’å»£å‘Š å»£å‘Šå•†è³ºçˆ›,#FF0026,1,1,725,40950510,a52219951
442,6,#FFFFFF,1,0,725,44402511,house816
443,ï¼Ÿï¼Ÿï¼Ÿï¼Ÿï¼Ÿ,#FF0026,1,1,726,45101653,kateihan0307
444,å¥½å¿«,#FFFFFF,1,0,727,41701454,gl0507
445,??????????,#FFFFFF,1,0,729,40204499,tsm55555
446,å¾ˆå¯æ„›ä¸è¦åµ,#FFFFFF,1,0,729,42808044,JinAurora
447,å¹¹æ€Žéº¼æ²’äº†ï¼Ÿï¼Ÿï¼Ÿï¼Ÿï¼Ÿï¼Ÿï¼Ÿï¼Ÿï¼Ÿï¼Ÿï¼Ÿï¼Ÿï¼Ÿï¼Ÿ,#FF0026,2,2,730,46120254,ly127
448,è›¤,#FFFFFF,1,0,733,40277838,s06578
449,å¯æ„›,#FFFFFF,1,0,736,45546546,kikiandgd
450,å¹¹å¤ªå¿«,#FFFFFF,1,0,739,43662275,s3dh2
451,????????????????????????????,#FFFFFF,1,0,740,39857903,dc92044sony
452,å¥½å¯æ„›,#FFFFFF,1,0,740,41984454,BHSN00000q3t
453,æ²’çœ‹éŽé€™éº¼å¿«çš„,#FFFFFF,1,0,741,43778552,hp76249
454,éª¨æ„Ÿä¸€åˆ†é˜,#FFFFFF,1,0,742,42038413,realandtrue
455,å½±ç‰‡ä¸åˆ°90ç§’ å»£å‘Š30ç§’,#FFFFFF,1,0,743,44744721,a4391030
456,é«”æ„Ÿä¸€åˆ†é˜...,#FFFFFF,1,0,746,37392590,x0902
457,å¥½å¯æ„›å•Šå•Šå•Š,#FFFFFF,1,0,746,43182185,yinqiancai02
458,è›¤ æ²’äº†,#FFFFFF,1,0,748,41446373,nehsh101
459,è›¤,#FF9496,1,0,749,41591266,becky1020109
460,å•Šï¼Ÿ,#FFFFFF,1,0,750,45416519,xiupingdang
461,ç­‰ä¸€ä¸‹ æˆ‘ä¸æ˜¯å‰›çœ‹ï¼ï¼Ÿ,#FDE53D,1,0,752,39616476,carnew681012
462,çœŸâ€¢é«”æ„Ÿä¸€åˆ†é˜,#FF0026,2,0,752,42456708,Rei9488
463,é«”æ„Ÿä¸€åˆ†é˜,#FFFFFF,1,0,752,43474035,A15874875
464,å¥½æƒ³åƒ,#FFFFFF,1,0,753,42317243,lois19920926
465,è›¤...ï¼Ÿ,#FFFFFF,1,0,754,42896611,junhui9520
466,å»£å‘Š30ç§’æ­£ç‰‡ä¸€åˆ†é˜ ä½†æ˜¯å¤ªå¯æ„›æˆ‘é¡˜æ„ðŸ˜,#FFFFFF,1,0,755,37146166,account77615
467,ä¸€é›†ä¸€åˆ†ä¸‰åç§’ ç‰‡å°¾æ›²å 20ç§’,#FFFFFF,1,0,755,45396785,yuzhuang912
468,çœŸçš„æ˜¯ä¸€åˆ†é˜,#FFFFFF,1,0,758,38798423,shadow121010
469,ç­‰äº†30ç§’ çœ‹äº†ä¸€åˆ†é˜,#FFFFFF,1,0,758,40551109,kevin1998oo
470,é€™å•¥çŽ©æ„å…’XDDDD,#FFFFFF,1,0,761,38713656,RoaBoa850216
471,???????,#FFFFFF,1,0,761,42179798,cdfh1284841
472,å¥½å¥½åƒçš„æ„Ÿè¦º,#FFFFFF,1,0,761,44155008,timlin0808
473,é«”æ„Ÿä¸€åˆ†é˜,#FFFFFF,1,0,763,41692736,yymkc
474,é«”æ„Ÿä¸€åˆ†é˜,#FFFFFF,1,0,764,41413599,a70888765
475,å¡ä¼Šå¡å“‡,#FFFFFF,1,0,765,40904144,Bokey1423
476,????????????????????????????????,#FFFFFF,1,0,765,45447519,seisaisha
477,???????????????????????????,#FFFFFF,1,0,768,42455535,hau740212
478,åˆè¦å»£å‘Šäº†,#FDE53D,1,2,769,43908625,Anima0415
479,30ç§’å»£å‘Šçœ‹1åˆ†é˜,#FFFFFF,1,0,778,37350376,pig61012
480,ä¸‰å°æ€Žéº¼æ²’äº†,#FFFFFF,1,0,780,43645639,kk0913538560
481,ç¬‘æ­»,#FFFFFF,1,0,780,44680659,yuyi7613
482,æˆ‘çˆ±å°å…«,#FFFFFF,1,0,786,37176837,Kthunderbolt
483,æˆ‘é‚„åœ¨æ€è€ƒæ­£ç‰‡åœ¨å“ªå°±æ²’äº†,#FFFFFF,1,0,788,42732366,A1010010
484,XDDDDDDD,#FFFFFF,1,0,789,40543495,ncbob
485,å¥½èŒå‘€ï½ž,#FF9496,1,0,790,43183033,win7288
486,é­”æ€§,#FFFFFF,1,0,792,41516350,love20201128
487,åˆ°åº•æ˜¯åœ¨ç´…æ€Žæ¨£çš„å•Š,#FFFFFF,1,0,795,42555325,Lucy08070807
488,å…„å¼Ÿï½ž,#FFFFFF,1,0,798,39663830,wuted
489,ç¬‘å±ŽðŸ¤£ðŸ¤£ðŸ¤£,#FFFFFF,1,0,800,43256091,ox22081
490,å—¨ æ™šå®‰,#FFFFFF,1,0,801,44440682,jimmy0416
491,æœ‰å–œæ­¡å‰ä¼Šå¡å“‡çš„è¦åŠ igå—ŽIG:h._.y._.r._.0201,#FFFFFF,1,0,803,45006158,yurouhong36
492,å•Šï¼Ÿ,#BEBEBE,0,0,806,43333490,yiling0807
493,no~,#FDE53D,1,1,806,45101660,kateihan0307
494,è¦æ’åˆ°13-14é›†æ‰é–‹å§‹æœ‰åŠ‡æƒ…å–”~~~~,#FF0026,1,0,810,44049557,leteargerbob
495,1,#FFFFFF,1,0,815,45779315,Webb2012
496,é«”æ„Ÿ10ç§’,#FFFFFF,1,0,816,39006895,homo760123
497,è›¤,#FF0026,1,0,820,40789340,jasonlin0331
498,è›¤,#00C3FC,2,0,820,44340361,yuye00571
499,é€™..ðŸ”šäº†ï¼Œçœ‹äº†ðŸ˜”ðŸ’¬,#FFFFFF,1,0,825,44207085,Aa5709453
500,æ¯ç½,#FFFFFF,1,0,826,42025785,snowball1292
501,è²“,#FFFFFF,1,0,827,43754918,s1080025
502,æˆ‘çš„æ³¡éºµé‚„æ²’å¥½,#FFFFFF,1,0,828,41982739,bear508
503,æ‰1åˆ†é˜ æˆ‘è¦çœ‹30ç§’çš„å»£å‘Šï¼Ÿ,#FFFFFF,1,0,832,39229289,joanne789
504,å¥½å¯æ„›å‘€\(//âˆ‡//)\,#FDE53D,1,0,835,40557924,WWWW1108
505,é«”æ„Ÿä¸€åˆ†é˜,#FFFFFF,1,0,836,42573056,xinghe820
506,æˆ‘ä¹Ÿæ˜¯ç‚ºäº†å‰ä¼Šè²·æœƒå“¡ðŸ˜‚ðŸ˜‚,#FFFFFF,1,0,840,42597770,loenyen73
507,æ‰€ä»¥ç‚ºå•¥å½ˆå¹•è¦ä¸€ç›´å…„å¼Ÿçš„( ï½¥á·„á½¢ï½¥á·… )ï¼Ÿ,#FFFFFF,1,2,846,43683954,annana566
508,é«”æ„Ÿ20ç§’,#FFFFFF,1,0,850,41270194,YEYU8964
509,???????????????????,#FFFFFF,1,0,853,45808459,jobe13321712
510,æˆ‘è²·å…å»£å‘Šäº†,#FFFFFF,1,0,857,41325318,J310923
511,å•Šå•Šå•Šå•Š,#FF9625,2,2,863,42532179,rosa0812
512,æ²’æœ‰äº†å“ˆå“ˆå“ˆã„é˜¿,#FFFFFF,1,0,863,44179863,g840483938
513,å…„å¼Ÿ,#FDE53D,1,0,865,39118447,a38395654a
514,ç‚ºä»€éº¼è¦ä¸€ç›´å…„å¼Ÿçš„( ï½¥á·„á½¢ï½¥á·… ),#FFFFFF,1,0,865,42802663,Melody122
515,è¯¶,#FF0026,1,0,866,44529573,st5109185
516,OK.......,#FFFFFF,1,0,871,38042307,AS52302100
517,æŽ°æŽ° æ™šå®‰,#FFFFFF,1,0,871,44440684,jimmy0416
518,ç‚ºäº†å‰ä¼Šå¡å“‡ç¬¬ä¸€æ¬¡è²·äº†æœƒå“¡ðŸ‘,#FFFFFF,1,0,874,40442519,acgn75410302
519,å°å…«ðŸ’—,#FFFFFF,1,0,874,43182188,yinqiancai02
520,æ³¡æ³¡é©—è¶…å¸‚å’Œçœ‹,#FFFFFF,1,0,876,44179856,g840483938
521,ZMB,#FFFFFF,1,0,877,42527612,ZED8090
522,é«”æ„Ÿä¸€ç§’é˜ææ•¢ä¸€ç§’é˜,#FFFFFF,1,0,889,45729097,Mia130
523,å…„å¼Ÿæœ‰äº‹è«‹è½‰èº«,#FFFFFF,1,0,890,44754781,D0690422
524,ËŠËŠËŠËŠËŠËŠËŠËŠËŠËŠËŠËŠËŠËŠËŠËŠËŠËŠËŠ,#FFFFFF,1,0,893,46704569,swyan
525,æˆ‘,#FFFFFF,1,0,897,45779317,Webb2012
526,ðŸ˜€,#00C3FC,1,0,898,40894473,kekerry75
527,æ²’äº†ï¼Ÿï¼Ÿï¼Ÿï¼Ÿ,#FFFFFF,1,0,901,42188563,linzzi
528,å“ˆ,#FF0026,1,0,901,44529579,st5109185
