,name,url,area_genre,rating,holiday,dinner_price,lunch_price
0,CONFECT-CONCEPT,https://tabelog.com/tw/tokyo/A1311/A131101/13258304/,稻荷町車站 / 蛋糕,3.63,星期一,-,-
1,Litus,https://tabelog.com/tw/tokyo/A1313/A131301/13255431/,新富町車站 / 西式甜點,3.63,"星期二, 星期三", - JPY 999, - JPY 999
2,東京駅 斑鳩,https://tabelog.com/tw/tokyo/A1302/A130201/13124609/,"東京車站 / 拉麵, 沾麵, 甜食",3.62,-, - JPY 999, - JPY 999
3,ピエール マルコリーニ 銀座本店,https://tabelog.com/tw/tokyo/A1301/A130101/13127566/,"銀座車站 / 巧克力, 咖啡店",3.62,-,"JPY 2,000 - JPY 2,999","JPY 2,000 - JPY 2,999"
4,I'ｍ donut ?グルテンフリー 渋谷青山通り,https://tabelog.com/tw/tokyo/A1303/A130301/13272709/,澀谷車站 / 甜甜圈,3.62,-, - JPY 999, - JPY 999
5,久栄,https://tabelog.com/tw/tokyo/A1313/A131302/13050014/,"月島車站 / 麵包, 西式甜點",3.62,-, - JPY 999, - JPY 999
6,Parlor Vinefru 銀座,https://tabelog.com/tw/tokyo/A1301/A130101/13230462/,"銀座一丁目車站 / 咖啡店, 刨冰, 鬆餅",3.62,-,"JPY 1,000 - JPY 1,999", - JPY 999
7,仏蘭西屋,https://tabelog.com/tw/tokyo/A1301/A130101/13059121/,"銀座車站 / 咖啡館, 三明治, 蛋糕",3.62,-,"JPY 1,000 - JPY 1,999","JPY 1,000 - JPY 1,999"
8,銀座つぼやきいも,https://tabelog.com/tw/tokyo/A1301/A130101/13222597/,"銀座車站 / 烤地瓜/拔絲地瓜, 甜食",3.62,星期一, - JPY 999, - JPY 999
9,プリンチ 代官山T-SITE,https://tabelog.com/tw/tokyo/A1303/A130303/13237363/,"代官山車站 / 麵包, 蛋糕, 咖啡店",3.62,-,"JPY 1,000 - JPY 1,999","JPY 1,000 - JPY 1,999"
10,ダ ルチアーノ,https://tabelog.com/tw/tokyo/A1329/A132904/13043497/,"京王堀之內車站 / 意式冰淇淋/冰淇淋, 咖啡店",3.62,-, - JPY 999, - JPY 999
11,パティシエ シマ,https://tabelog.com/tw/tokyo/A1308/A130803/13000285/,"麴町車站 / 蛋糕, 巧克力, 西式甜點",3.62,"星期日, 節假日",-,"JPY 1,000 - JPY 1,999"
12,パスカル・ル・ガック 東京,https://tabelog.com/tw/tokyo/A1308/A130802/13230508/,"溜池山王車站 / 巧克力, 蛋糕, 咖啡店",3.62,星期日,"JPY 3,000 - JPY 3,999","JPY 1,000 - JPY 1,999"
13,トラノコ,https://tabelog.com/tw/tokyo/A1309/A130902/13221607/,"四谷三丁目車站 / 咖啡店, 布丁",3.62,-,-, - JPY 999
14,洋菓子ヴィヨン,https://tabelog.com/tw/tokyo/A1317/A131707/13023844/,"櫻新町車站 / 年輪蛋糕, 蛋糕, 巧克力",3.62,-,-, - JPY 999
15,巴裡 小川軒 サロン・ド・テ 新橋店,https://tabelog.com/tw/tokyo/A1301/A130103/13143677/,"新橋車站 / 咖啡店, 咖啡館, 蛋糕",3.62,"星期日, 節假日","JPY 1,000 - JPY 1,999","JPY 1,000 - JPY 1,999"
16,エリティエ,https://tabelog.com/tw/tokyo/A1323/A132301/13130758/,"白山車站 / 蛋糕, 咖啡店",3.62,星期二,"JPY 1,000 - JPY 1,999", - JPY 999
17,カイルズ・グッド・ファインズ,https://tabelog.com/tw/tokyo/A1319/A131902/13006929/,"新井藥師前車站 / 蛋糕, 麵包, 美國料理",3.62,星期一,-, - JPY 999
18,ゴンドラ,https://tabelog.com/tw/tokyo/A1309/A130904/13022609/,"市谷車站 / 蛋糕, 西式甜點",3.62,"星期日, 節假日", - JPY 999,-
19,PAYSAGE 代官山本店,https://tabelog.com/tw/tokyo/A1303/A130303/13293381/,代官山車站 / 甜食,3.62,星期一, - JPY 999, - JPY 999
20,寒天工房 讃岐屋 新宿本店,https://tabelog.com/tw/tokyo/A1321/A132104/13024925/,"下落合車站 / 日式點心, 日式甜點店",3.62,星期三,-, - JPY 999
21,オクトーブル,https://tabelog.com/tw/tokyo/A1317/A131706/13154775/,西太子堂車站 / 蛋糕,3.62,"星期二, 星期三", - JPY 999, - JPY 999
22,MORI YOSHIDA 東京店,https://tabelog.com/tw/tokyo/A1319/A131902/13303805/,中野車站 / 西式甜點,3.62,"星期二, 星期三","JPY 1,000 - JPY 1,999",-
23,メゾン・ド・プティ・フール 本店,https://tabelog.com/tw/tokyo/A1317/A131713/13003321/,"西馬込車站 / 蛋糕, 麵包",3.62,"星期二, 星期三",-,-
24,キャトルセゾン,https://tabelog.com/tw/tokyo/A1318/A131809/13006587/,千歲烏山車站 / 蛋糕,3.62,"星期三, 星期四", - JPY 999,-
25,ペストリーショップ,https://tabelog.com/tw/tokyo/A1303/A130301/13056062/,"澀谷車站 / 蛋糕, 麵包",3.62,-,"JPY 1,000 - JPY 1,999","JPY 1,000 - JPY 1,999"
26,パティスリー ビガロー,https://tabelog.com/tw/tokyo/A1317/A131707/13167950/,"櫻新町車站 / 蛋糕, 咖啡店",3.62,"星期二, 星期三",-,"JPY 1,000 - JPY 1,999"
27,あんみつの深緑堂,https://tabelog.com/tw/tokyo/A1312/A131203/13166904/,"東京晴空塔車站 / 日式點心, 日式甜點店",3.62,"星期四, 星期日",-, - JPY 999
28,カナム,https://tabelog.com/tw/tokyo/A1319/A131907/13115726/,西荻窪車站 / 蛋糕,3.62,"星期一, 星期二, 星期三, 星期四, 星期五, 星期日", - JPY 999, - JPY 999
29,ショコラティエ・ミキ,https://tabelog.com/tw/tokyo/A1318/A131809/13057310/,千歲烏山車站 / 巧克力,3.62,-,"JPY 1,000 - JPY 1,999",-
30,巌邑堂 日本橋高島屋店,https://tabelog.com/tw/tokyo/A1302/A130202/13226485/,"日本橋車站 / 日式點心, 銅鑼燒",3.62,-, - JPY 999, - JPY 999
31,ル・ブルターニュ 神楽坂店,https://tabelog.com/tw/tokyo/A1309/A130905/13000263/,"牛込神樂坂車站 / 法式料理, 可麗餅/法式薄餅",3.61,-,"JPY 3,000 - JPY 3,999","JPY 1,000 - JPY 1,999"
32,デイリーチコ,https://tabelog.com/tw/tokyo/A1319/A131902/13001083/,"中野車站 / 軟冰淇淋, 烏龍麵, 站著吃蕎麥麵",3.61,-, - JPY 999, - JPY 999
33,GRANNY SMITH  APPLE PIE & COFFEE 青山店,https://tabelog.com/tw/tokyo/A1306/A130602/13160850/,"表參道車站 / 西式甜點, 咖啡店, 甜食",3.61,-,"JPY 1,000 - JPY 1,999","JPY 1,000 - JPY 1,999"
34,重盛永信堂,https://tabelog.com/tw/tokyo/A1302/A130204/13003054/,"水天宮前車站 / 日式點心, 日式甜點店",3.61,"星期日, 節假日", - JPY 999, - JPY 999
35,TSUBASA COFFEE,https://tabelog.com/tw/tokyo/A1304/A130402/13259936/,"新宿御苑前車站 / 咖啡店, 甜食",3.61,-, - JPY 999, - JPY 999
36,サニーヒルズ,https://tabelog.com/tw/tokyo/A1306/A130602/13163569/,"表參道車站 / 中式點心, 甜食, 蛋糕",3.61,-,"JPY 1,000 - JPY 1,999","JPY 1,000 - JPY 1,999"
37,レインボーパンケーキ,https://tabelog.com/tw/tokyo/A1306/A130601/13131895/,"明治神宮前車站 / 鬆餅, 刨冰",3.61,-,"JPY 1,000 - JPY 1,999","JPY 1,000 - JPY 1,999"
38,ボンジュール・ボン 中野店,https://tabelog.com/tw/tokyo/A1319/A131902/13046441/,"中野車站 / 麵包, 西式甜點",3.61,-, - JPY 999, - JPY 999
39,カフェ木村家,https://tabelog.com/tw/tokyo/A1301/A130101/13023059/,"銀座車站 / 咖啡店, 麵包, 蛋糕",3.61,-,"JPY 2,000 - JPY 2,999","JPY 2,000 - JPY 2,999"
40,吉祥寺 多奈加亭,https://tabelog.com/tw/tokyo/A1320/A132001/13005806/,"吉祥寺車站 / 咖啡店, 咖啡館, 蛋糕",3.61,-,"JPY 1,000 - JPY 1,999","JPY 1,000 - JPY 1,999"
41,Patisserie TEN & 日比谷okuroji店,https://tabelog.com/tw/tokyo/A1301/A130103/13252336/,"日比谷車站 / 西式甜點, 泡芙, 咖啡店",3.61,星期三,"JPY 1,000 - JPY 1,999","JPY 1,000 - JPY 1,999"
42,ミニマル ザ ベイキング 代々木上原店,https://tabelog.com/tw/tokyo/A1318/A131811/13235774/,"代代木上原車站 / 巧克力, 蛋糕, 咖啡店",3.61,-,"JPY 1,000 - JPY 1,999","JPY 1,000 - JPY 1,999"
43,四ツ谷一餅堂,https://tabelog.com/tw/tokyo/A1309/A130902/13252086/,"四谷車站 / 甜食, 台灣料理, 咖啡店",3.61,"星期一, 星期四, 星期日",-,"JPY 1,000 - JPY 1,999"
44,ビスキュイ,https://tabelog.com/tw/tokyo/A1324/A132403/13009592/,"新柴又車站 / 蛋糕, 年輪蛋糕",3.61,星期二, - JPY 999,-
45,エシレ・ラトリエ デュ ブール,https://tabelog.com/tw/tokyo/A1307/A130704/13291710/,"神谷町車站 / 麵包, 西式甜點, 蛋糕",3.61,-,"JPY 3,000 - JPY 3,999","JPY 3,000 - JPY 3,999"
46,Daily's muffin 蔵前店,https://tabelog.com/tw/tokyo/A1311/A131103/13164060/,藏前車站 / 西式甜點,3.61,"星期一, 星期日","JPY 1,000 - JPY 1,999","JPY 1,000 - JPY 1,999"
47,アンモナイトコーヒーマーケット 本郷店,https://tabelog.com/tw/tokyo/A1310/A131004/13176690/,"本鄉三丁目車站 / 咖啡店, 甜食",3.61,-, - JPY 999, - JPY 999
48,パティスリー ロータス,https://tabelog.com/tw/tokyo/A1319/A131907/13210549/,"西荻窪車站 / 蛋糕, 咖啡店",3.61,星期二,"JPY 1,000 - JPY 1,999","JPY 1,000 - JPY 1,999"
49,MONT-NOM,https://tabelog.com/tw/tokyo/A1317/A131703/13275817/,"自由丘車站 / 麵包, 貝果, 甜食",3.61,星期三, - JPY 999, - JPY 999
50,シヅカ洋菓子店,https://tabelog.com/tw/tokyo/A1314/A131402/13257906/,"白金高輪車站 / 蛋糕, 西式甜點",3.61,星期二,-,"JPY 1,000 - JPY 1,999"
51,和菓子処 大角玉屋 本店,https://tabelog.com/tw/tokyo/A1309/A130903/13095298/,"曙橋車站 / 日式點心, 大福, 銅鑼燒",3.61,-,-, - JPY 999
52,サロン・ド・テ・ミュゼ　イマダミナコ 新宿タカシマヤ店,https://tabelog.com/tw/tokyo/A1304/A130403/13091817/,"新宿車站 / 咖啡店, 蛋糕",3.61,-,"JPY 1,000 - JPY 1,999","JPY 1,000 - JPY 1,999"
53,ル・ジャルダン・ブルー,https://tabelog.com/tw/tokyo/A1327/A132702/13023266/,"京王永山車站 / 蛋糕, 咖啡店",3.61,"星期一, 星期二, 星期三", - JPY 999, - JPY 999
54,HARU*BOUZ,https://tabelog.com/tw/tokyo/A1311/A131103/13056064/,"淺草橋車站 / 麵包, 西式甜點",3.61,"星期六, 星期日, 節假日",-, - JPY 999
55,椛屋,https://tabelog.com/tw/tokyo/A1324/A132404/13157452/,梅島車站 / 刨冰,3.61,星期二,-, - JPY 999
56,ツバメヤ  日本橋店,https://tabelog.com/tw/tokyo/A1302/A130202/13288246/,日本橋車站 / 日式點心,3.61,星期二,"JPY 1,000 - JPY 1,999","JPY 1,000 - JPY 1,999"
57,プレスキルショコラトリー,https://tabelog.com/tw/tokyo/A1320/A132001/13192815/,"吉祥寺車站 / 巧克力, 刨冰",3.61,"星期二, 星期三","JPY 1,000 - JPY 1,999","JPY 1,000 - JPY 1,999"
58,Taisuke Endo,https://tabelog.com/tw/tokyo/A1317/A131702/13298576/,學藝大學車站 / 甜食,3.61,星期一,-,-
59,オー・パン・グルマン,https://tabelog.com/tw/tokyo/A1323/A132302/13098483/,"茗荷谷車站 / 麵包, 三明治, 西式甜點",3.61,"星期一, 星期二, 星期三",-,-
60,エイミーズ ベイクショップ,https://tabelog.com/tw/tokyo/A1319/A131907/13239157/,西荻窪車站 / 西式甜點,3.61,"星期一, 星期二","JPY 1,000 - JPY 1,999","JPY 1,000 - JPY 1,999"
61,アトリエ ド フロレンティーナ,https://tabelog.com/tw/tokyo/A1311/A131106/13107855/,千馱木車站 / 西式甜點,3.61,-,-, - JPY 999
62,オ・プティ・フリアンディーズ,https://tabelog.com/tw/tokyo/A1317/A131708/13055749/,"二子玉川車站 / 麵包, 蛋糕, 甜食",3.61,-, - JPY 999,-
63,高松屋,https://tabelog.com/tw/tokyo/A1316/A131604/13201699/,大崎車站 / 日式點心,3.61,"星期一, 星期日", - JPY 999,-
64,桃六,https://tabelog.com/tw/tokyo/A1302/A130202/13037929/,寶町車站 / 日式點心,3.61,"星期六, 星期日, 節假日",-, - JPY 999
65,大心堂,https://tabelog.com/tw/tokyo/A1311/A131101/13040127/,新御徒町車站 / 日式點心,3.61,"星期日, 節假日",-,-
66,ルルベ デセール,https://tabelog.com/tw/tokyo/A1314/A131401/13275451/,"赤羽橋車站 / 甜食, 蛋糕, 咖啡店",3.61,"星期三, 星期四",-,"JPY 2,000 - JPY 2,999"
67,デセール ル コントワール,https://tabelog.com/tw/tokyo/A1317/A131715/13108815/,"等等力車站 / 甜食, 蛋糕, 西式甜點",3.61,-,"JPY 20,000 - JPY 29,999",-
68,パティスリー コテ デュ ボワ,https://tabelog.com/tw/tokyo/A1320/A132001/13049459/,"三鷹車站 / 蛋糕, 咖啡店",3.61,-,"JPY 1,000 - JPY 1,999",-
69,egg baby cafe,https://tabelog.com/tw/tokyo/A1311/A131101/13229207/,"御徒町車站 / 咖啡店, 三明治, 甜食",3.60,-,"JPY 1,000 - JPY 1,999","JPY 1,000 - JPY 1,999"
70,LOUANGE TOKYO Le Musée,https://tabelog.com/tw/tokyo/A1301/A130101/13258105/,"銀座一丁目車站 / 蛋糕, 咖啡店, 鬆餅",3.60,-,"JPY 8,000 - JPY 9,999","JPY 8,000 - JPY 9,999"
71,PARLA 東急プラザ銀座,https://tabelog.com/tw/tokyo/A1301/A130101/13193913/,銀座車站 / 可麗餅/法式薄餅,3.60,-,"JPY 1,000 - JPY 1,999","JPY 1,000 - JPY 1,999"
72,Au Temps Jadis,https://tabelog.com/tw/tokyo/A1303/A130301/13003350/,"明治神宮前車站 / 可麗餅/法式薄餅, 法式料理",3.60,星期二,"JPY 2,000 - JPY 2,999","JPY 2,000 - JPY 2,999"
73,ONIBUS COFFEE 自由が丘店,https://tabelog.com/tw/tokyo/A1317/A131703/13270166/,"自由丘車站 / 咖啡店, 蛋糕",3.60,-, - JPY 999, - JPY 999
74,谷中 福丸饅頭,https://tabelog.com/tw/tokyo/A1311/A131106/13022554/,千馱木車站 / 日式點心,3.60,-,-, - JPY 999
75,トライアングルカフェ,https://tabelog.com/tw/tokyo/A1317/A131708/13243011/,"二子玉川車站 / 咖啡店, 義大利料理, 甜食",3.60,-,"JPY 1,000 - JPY 1,999","JPY 1,000 - JPY 1,999"
76,ル・クシネ,https://tabelog.com/tw/tokyo/A1311/A131106/13177883/,根津車站 / 蛋糕,3.60,-,-, - JPY 999
77,オレンジカウンティ 本店,https://tabelog.com/tw/tokyo/A1318/A131814/13096736/,"祖師谷大藏車站 / 可麗餅/法式薄餅, 咖啡店",3.60,-, - JPY 999, - JPY 999
78,オブゴ ベーカー Edo St.店,https://tabelog.com/tw/tokyo/A1302/A130204/13257587/,"小傳馬町車站 / 西式甜點, 咖啡店",3.60,-, - JPY 999, - JPY 999
79,オザワ洋菓子店,https://tabelog.com/tw/tokyo/A1310/A131004/13055194/,本鄉三丁目車站 / 蛋糕,3.60,"星期一, 星期日", - JPY 999,-
80,パペルブルグ,https://tabelog.com/tw/tokyo/A1329/A132904/13010298/,"八王子南野車站 / 咖啡店, 蛋糕",3.60,-,"JPY 1,000 - JPY 1,999","JPY 1,000 - JPY 1,999"
81,CAMERA,https://tabelog.com/tw/tokyo/A1311/A131103/13174229/,"藏前車站 / 咖啡店, 西式甜點",3.60,星期一, - JPY 999,"JPY 1,000 - JPY 1,999"
82,和菓子処 大角玉屋 四谷店,https://tabelog.com/tw/tokyo/A1309/A130903/13006834/,"四谷三丁目車站 / 日式點心, 大福, 銅鑼燒",3.60,-, - JPY 999,-
83,アルカション 練馬店,https://tabelog.com/tw/tokyo/A1321/A132102/13191018/,"練馬車站 / 蛋糕, 麵包",3.60,星期二,"JPY 1,000 - JPY 1,999",-
84,ネル クラフトチョコレート トウキョウ,https://tabelog.com/tw/tokyo/A1302/A130204/13231687/,"水天宮前車站 / 巧克力, 咖啡店",3.60,"星期一, 星期二","JPY 1,000 - JPY 1,999","JPY 1,000 - JPY 1,999"
85,ニコラス精養堂,https://tabelog.com/tw/tokyo/A1317/A131709/13049494/,"松陰神社前車站 / 麵包, 蛋糕, 甜食",3.60,"星期日, 節假日", - JPY 999,-
86,エシレ・パティスリー オ ブール 西武池袋店,https://tabelog.com/tw/tokyo/A1305/A130501/13266154/,池袋車站 / 西式甜點,3.60,-,-,-
87,スギノキ,https://tabelog.com/tw/tokyo/A1316/A131603/13091839/,"五反田車站 / 麵包, 三明治, 西式甜點",3.60,星期一, - JPY 999,-
88,ルポ バイ パティスリーイーズ,https://tabelog.com/tw/tokyo/A1304/A130401/13251056/,"新宿三丁目車站 / 蛋糕, 甜食",3.60,-,-,-
89,Goûter,https://tabelog.com/tw/tokyo/A1317/A131702/13291161/,"學藝大學車站 / 麵包, 西式甜點",3.60,星期四, - JPY 999, - JPY 999
90,どら焼き まかな,https://tabelog.com/tw/tokyo/A1329/A132904/13209970/,"八王子車站 / 銅鑼燒, 咖啡店",3.60,星期三, - JPY 999,-
91,穂の香 自由が丘店,https://tabelog.com/tw/tokyo/A1317/A131715/13138328/,"九品佛車站 / 麵包, 蛋糕",3.60,星期一, - JPY 999,-
92,茶の葉 松屋銀座店,https://tabelog.com/tw/tokyo/A1301/A130101/13007734/,"銀座車站 / 咖啡店, 刨冰, 日式點心",3.60,-,"JPY 1,000 - JPY 1,999","JPY 1,000 - JPY 1,999"
93,櫻井焙茶研究所,https://tabelog.com/tw/tokyo/A1306/A130602/13197815/,"表參道車站 / 咖啡店, 酒吧, 刨冰",3.60,-,-,"JPY 8,000 - JPY 9,999"
94,巴裡 小川軒 目黒店,https://tabelog.com/tw/tokyo/A1317/A131702/13008192/,學藝大學車站 / 蛋糕,3.60,"星期日, 節假日","JPY 1,000 - JPY 1,999","JPY 1,000 - JPY 1,999"
95,オーブン・ミトン,https://tabelog.com/tw/tokyo/A1325/A132501/13200583/,"武藏小金井車站 / 蛋糕, 西式甜點, 咖啡店",3.60,"星期一, 星期二, 星期三, 星期四, 星期五, 星期日",-,"JPY 1,000 - JPY 1,999"
96,Fruit Chef The Shop,https://tabelog.com/tw/tokyo/A1302/A130204/13265731/,"人形町車站 / 西式甜點, 咖啡店, 麵包",3.60,星期三,-,"JPY 1,000 - JPY 1,999"
97,ユニコーンベーカリー,https://tabelog.com/tw/tokyo/A1325/A132503/13162519/,"國立車站 / 西式甜點, 麵包",3.60,"星期三, 星期四", - JPY 999,-
98,ラ・スプランドゥール,https://tabelog.com/tw/tokyo/A1317/A131714/13036989/,久原車站 / 蛋糕,3.60,-,"JPY 1,000 - JPY 1,999",-
99,エーケーラボ,https://tabelog.com/tw/tokyo/A1320/A132002/13161208/,"三鷹車站 / 蛋糕, 咖啡店, 麵包",3.60,-, - JPY 999,-
100,The CAFE 町田,https://tabelog.com/tw/tokyo/A1327/A132701/13168684/,"町田車站 / 咖啡店, 咖啡館, 布丁",3.59,-,"JPY 1,000 - JPY 1,999","JPY 1,000 - JPY 1,999"
101,夜パフェ専門店パフェテリア　ベル,https://tabelog.com/tw/tokyo/A1303/A130301/13213633/,"澀谷車站 / 水果聖代, 咖啡店, 意式冰淇淋/冰淇淋",3.59,-,"JPY 2,000 - JPY 2,999",-
102,ラシーヌ ブレッド&サラダ,https://tabelog.com/tw/tokyo/A1305/A130501/13251099/,"都電雜司谷車站 / 麵包, 甜甜圈, 小菜",3.59,-, - JPY 999,"JPY 1,000 - JPY 1,999"
103,サロン ベイクアンドティー,https://tabelog.com/tw/tokyo/A1304/A130401/13193544/,"新宿車站 / 咖啡店, 蛋糕",3.59,-,"JPY 2,000 - JPY 2,999","JPY 2,000 - JPY 2,999"
104,INITIAL 表参道,https://tabelog.com/tw/tokyo/A1306/A130601/13233470/,"明治神宮前車站 / 甜食, 咖啡店, 意式冰淇淋/冰淇淋",3.59,-,"JPY 1,000 - JPY 1,999","JPY 1,000 - JPY 1,999"
105,202カリー堂,https://tabelog.com/tw/tokyo/A1318/A131802/13266529/,"下北澤車站 / 湯咖哩, 咖啡店, 西式甜點",3.59,星期三,"JPY 1,000 - JPY 1,999","JPY 1,000 - JPY 1,999"
106,I’m donut ? omotesando,https://tabelog.com/tw/tokyo/A1306/A130602/13289109/,表參道車站 / 甜甜圈,3.59,-, - JPY 999, - JPY 999
107,BUTTER 美瑛放牧酪農場,https://tabelog.com/tw/tokyo/A1302/A130201/13284751/,"二重橋前車站 / 咖啡店, 甜食",3.59,-,"JPY 2,000 - JPY 2,999","JPY 2,000 - JPY 2,999"
108,赤坂おぎ乃 和甘,https://tabelog.com/tw/tokyo/A1308/A130802/13291640/,"虎之門Hills車站 / 甜食, 銅鑼燒, 意式冰淇淋/冰淇淋",3.59,-, - JPY 999,-
109,コパン,https://tabelog.com/tw/tokyo/A1309/A130905/13087827/,"神樂坂車站 / 咖啡館, 蛋糕, 咖啡店",3.59,-, - JPY 999, - JPY 999
110,エミリー・フローゲ,https://tabelog.com/tw/tokyo/A1329/A132901/13016256/,"立川北車站 / 咖啡店, 蛋糕",3.59,-,"JPY 1,000 - JPY 1,999","JPY 1,000 - JPY 1,999"
111,銀座 和蘭豆,https://tabelog.com/tw/tokyo/A1301/A130101/13007781/,"銀座車站 / 咖啡館, 蛋糕",3.59,-,-, - JPY 999
112,ル・カフェ・ヴィー,https://tabelog.com/tw/tokyo/A1301/A130101/13257245/,"銀座車站 / 咖啡店, 巧克力",3.59,-,"JPY 1,000 - JPY 1,999","JPY 1,000 - JPY 1,999"
113,神田珈琲園 神田北口店,https://tabelog.com/tw/tokyo/A1310/A131002/13111193/,"神田車站 / 咖啡館, 咖啡店, 蛋糕",3.59,-, - JPY 999, - JPY 999
114,赤坂青野 赤坂見附店,https://tabelog.com/tw/tokyo/A1308/A130801/13038106/,赤坂見附車站 / 日式點心,3.59,-, - JPY 999,-
115,ミラノ ドルチェ トレ・スパーデ,https://tabelog.com/tw/tokyo/A1307/A130702/13186012/,"麻布十番車站 / 布丁, 蛋糕, 咖啡店",3.59,-,"JPY 1,000 - JPY 1,999", - JPY 999
116,元祖千成もなか 巣鴨店,https://tabelog.com/tw/tokyo/A1323/A132301/13012338/,"巢鴨車站 / 日式點心, 日式甜點店",3.59,-, - JPY 999, - JPY 999
117,BIEN-ETRE MAISON,https://tabelog.com/tw/tokyo/A1318/A131811/13271828/,"代代木上原車站 / 咖啡店, 蛋糕",3.59,星期四,-,"JPY 2,000 - JPY 2,999"
118,ポワン エ リーニュ 神楽坂店,https://tabelog.com/tw/tokyo/A1309/A130905/13292195/,"神樂坂車站 / 麵包, 西式甜點",3.59,-,"JPY 1,000 - JPY 1,999","JPY 1,000 - JPY 1,999"
119,ビスキュイテリエ ブルトンヌ 池袋東武店,https://tabelog.com/tw/tokyo/A1305/A130501/13214374/,池袋車站 / 西式甜點,3.59,-, - JPY 999, - JPY 999
120,スタア バー,https://tabelog.com/tw/tokyo/A1301/A130102/13219774/,"日比谷車站 / 酒吧, 刨冰",3.59,星期一,"JPY 4,000 - JPY 4,999",-
121,Galerie ASAHINA,https://tabelog.com/tw/tokyo/A1307/A130701/13288120/,"六本木車站 / 法式料理, 甜食",3.59,"星期一, 節假日後","JPY 10,000 - JPY 14,999","JPY 10,000 - JPY 14,999"
122,祇園辻利 東京スカイツリータウン・ソラマチ店,https://tabelog.com/tw/tokyo/A1312/A131203/13141261/,"押上車站 / 軟冰淇淋, 咖啡店",3.58,-,-,"JPY 1,000 - JPY 1,999"
123,Little Darling Coffee Roasters,https://tabelog.com/tw/tokyo/A1307/A130701/13225981/,"乃木坂車站 / 咖啡店, 甜食, 咖啡攤",3.58,-, - JPY 999, - JPY 999
124,ラルフズ コーヒー 表参道,https://tabelog.com/tw/tokyo/A1306/A130601/13227420/,"明治神宮前車站 / 咖啡店, 甜食, 麵包",3.58,-, - JPY 999, - JPY 999
125,カフェ　ムルソー,https://tabelog.com/tw/tokyo/A1311/A131102/13008610/,"淺草車站 / 咖啡店, 蛋糕, 餐酒吧",3.58,-,"JPY 3,000 - JPY 3,999","JPY 2,000 - JPY 2,999"
126,ダンボ ドーナツ アンド コーヒー 麻布十番本店,https://tabelog.com/tw/tokyo/A1307/A130702/13200364/,"麻布十番車站 / 甜甜圈, 咖啡店",3.58,-, - JPY 999, - JPY 999
127,カナルカフェブティック,https://tabelog.com/tw/tokyo/A1309/A130905/13120158/,"飯田橋車站 / 咖啡店, 巧克力, 蛋糕",3.58,-,"JPY 1,000 - JPY 1,999","JPY 1,000 - JPY 1,999"
128,アム ストラム グラム,https://tabelog.com/tw/tokyo/A1303/A130302/13254145/,代官山車站 / 蛋糕,3.58,星期二,-,"JPY 1,000 - JPY 1,999"
129,ブリッジ コーヒーアンドアイスクリーム,https://tabelog.com/tw/tokyo/A1302/A130204/13216784/,"馬食町車站 / 咖啡店, 意式冰淇淋/冰淇淋",3.58,-,"JPY 1,000 - JPY 1,999", - JPY 999
130,ジェラート ピケ カフェ クレープリー ルミネ池袋,https://tabelog.com/tw/tokyo/A1305/A130501/13174165/,"池袋車站 / 咖啡店, 可麗餅/法式薄餅",3.58,-, - JPY 999,"JPY 1,000 - JPY 1,999"
131,カフェ・ハイチ 新宿センタービル店,https://tabelog.com/tw/tokyo/A1304/A130401/13019157/,"都廳前車站 / 咖啡店, 蛋糕, 咖喱",3.58,-,-, - JPY 999
132,トウキョウシェイブアイス ネコゴオリ,https://tabelog.com/tw/tokyo/A1315/A131502/13233093/,大森海岸車站 / 刨冰,3.58,-,-,"JPY 1,000 - JPY 1,999"
133,ランデブーラウンジ・バー,https://tabelog.com/tw/tokyo/A1301/A130102/13019119/,"日比谷車站 / 咖啡店, 酒吧, 蛋糕",3.58,-,"JPY 3,000 - JPY 3,999","JPY 2,000 - JPY 2,999"
134,Giolitti Cafe 有楽町店,https://tabelog.com/tw/tokyo/A1301/A130102/13262740/,"有樂町車站 / 意式冰淇淋/冰淇淋, 咖啡店, 義大利料理",3.58,-,"JPY 3,000 - JPY 3,999","JPY 1,000 - JPY 1,999"
135,ミルクランドホッカイドウ→トウキョウ,https://tabelog.com/tw/tokyo/A1317/A131703/13232018/,"自由丘車站 / 咖啡店, 軟冰淇淋",3.58,星期三,-, - JPY 999
136,ティーダブリュージー ティー 自由が丘,https://tabelog.com/tw/tokyo/A1317/A131703/13110903/,"自由丘車站 / 咖啡店, 蛋糕",3.58,-,"JPY 3,000 - JPY 3,999","JPY 3,000 - JPY 3,999"
137,ホルン,https://tabelog.com/tw/tokyo/A1318/A131810/13256319/,"代代木八幡車站 / 蛋糕, 麵包, 可麗餅/法式薄餅",3.58,-,"JPY 1,000 - JPY 1,999",-
138,クレーム デ ラ クレーム 六本木ヒルズ店,https://tabelog.com/tw/tokyo/A1307/A130701/13154475/,"六本木車站 / 泡芙, 蛋糕",3.58,-, - JPY 999,-
139,メイカセブン,https://tabelog.com/tw/tokyo/A1312/A131202/13045284/,"大島車站 / 麵包, 蛋糕, 咖啡館",3.58,星期一, - JPY 999, - JPY 999
140,LOU,https://tabelog.com/tw/tokyo/A1319/A131902/13261085/,"中野車站 / 咖啡店, 蛋糕, 西式甜點",3.58,星期三,"JPY 3,000 - JPY 3,999","JPY 1,000 - JPY 1,999"
141,銀座 福禄寿,https://tabelog.com/tw/tokyo/A1301/A130101/13223247/,"銀座一丁目車站 / 咖啡店, 日式甜點店, 刨冰",3.58,-,"JPY 1,000 - JPY 1,999","JPY 1,000 - JPY 1,999"
142,東京ステーションホテル ロビーラウンジ,https://tabelog.com/tw/tokyo/A1302/A130201/13147492/,"東京車站 / 咖啡店, 酒吧, 西式甜點",3.58,-,"JPY 6,000 - JPY 7,999","JPY 6,000 - JPY 7,999"
143,赤羽あんこ,https://tabelog.com/tw/tokyo/A1323/A132305/13130446/,赤羽車站 / 甜食,3.58,-, - JPY 999,-
144,リジーグ,https://tabelog.com/tw/tokyo/A1304/A130401/13043279/,"新宿三丁目車站 / 咖啡店, 三明治, 蛋糕",3.58,-,"JPY 2,000 - JPY 2,999","JPY 2,000 - JPY 2,999"
145,アレ,https://tabelog.com/tw/tokyo/A1306/A130602/13267636/,"表參道車站 / 咖啡店, 蛋糕",3.58,-,"JPY 1,000 - JPY 1,999","JPY 1,000 - JPY 1,999"
146,ジュウニブンベーカリーカフェ,https://tabelog.com/tw/tokyo/A1317/A131706/13246758/,"三軒茶屋車站 / 咖啡店, 蛋糕, 三明治",3.58,-,"JPY 1,000 - JPY 1,999","JPY 1,000 - JPY 1,999"
147,ラヴィアンレーヴ,https://tabelog.com/tw/tokyo/A1324/A132404/13173833/,"梅島車站 / 蛋糕, 咖啡店",3.58,-,"JPY 1,000 - JPY 1,999","JPY 1,000 - JPY 1,999"
148,いちびこ 三軒茶屋店,https://tabelog.com/tw/tokyo/A1317/A131706/13225138/,"三軒茶屋車站 / 咖啡店, 刨冰, 蛋糕",3.58,-, - JPY 999, - JPY 999
149,カボチャ,https://tabelog.com/tw/tokyo/A1317/A131706/13257257/,西太子堂車站 / 蛋糕,3.58,星期一,"JPY 1,000 - JPY 1,999",-
150,エシレ・パティスリー オ ブール 伊勢丹新宿店,https://tabelog.com/tw/tokyo/A1304/A130401/13227809/,新宿三丁目車站 / 西式甜點,3.58,-,-,"JPY 1,000 - JPY 1,999"
151,伊勢屋,https://tabelog.com/tw/tokyo/A1323/A132301/13021096/,"巢鴨車站 / 日式點心, 日式甜點店, 大福",3.58,-,"JPY 1,000 - JPY 1,999", - JPY 999
152,御菓子司 白樺 本店,https://tabelog.com/tw/tokyo/A1312/A131201/13101340/,"錦糸町車站 / 日式點心, 銅鑼燒, 大福",3.58,星期一,-, - JPY 999
153,ベイカーズ ゴナ ベイク,https://tabelog.com/tw/tokyo/A1302/A130201/13249546/,"東京車站 / 麵包, 西式甜點",3.58,-, - JPY 999, - JPY 999
154,butter,https://tabelog.com/tw/tokyo/A1319/A131902/13260985/,"中野車站 / 咖啡店, 西式甜點",3.58,-, - JPY 999, - JPY 999
155,ジュウニブン ベーカリー 渋谷店,https://tabelog.com/tw/tokyo/A1303/A130301/13261269/,"澀谷車站 / 麵包, 西式甜點, 蛋糕",3.58,-, - JPY 999,-
156,文銭堂本舗 新橋本店,https://tabelog.com/tw/tokyo/A1301/A130103/13007926/,"新橋車站 / 日式點心, 大福",3.58,"星期日, 節假日", - JPY 999,-
157,GAZTA 伊勢丹新宿店,https://tabelog.com/tw/tokyo/A1304/A130401/13270095/,"新宿三丁目車站 / 西式甜點, 可麗餅/法式薄餅",3.58,-, - JPY 999,-
158,石鍋商店,https://tabelog.com/tw/tokyo/A1323/A132303/13003786/,"王子站前車站 / 日式點心, 日式甜點店",3.58,星期日,-,"JPY 1,000 - JPY 1,999"
159,目黒ひいらぎ 学芸大学東口店,https://tabelog.com/tw/tokyo/A1317/A131702/13268217/,"學藝大學車站 / 鯛魚燒・大判燒, 咖啡店",3.58,-, - JPY 999, - JPY 999
160,Patisserie Chocolaterie Recit,https://tabelog.com/tw/tokyo/A1318/A131803/13266860/,"東松原車站 / 巧克力, 蛋糕, 西式甜點",3.58,星期一,-, - JPY 999
161,レストラン・セン,https://tabelog.com/tw/tokyo/A1309/A130904/13117224/,"市谷車站 / 法式料理, 餐廳, 甜食",3.58,星期一,"JPY 8,000 - JPY 9,999","JPY 4,000 - JPY 4,999"
162,A to Z cafe,https://tabelog.com/tw/tokyo/A1306/A130602/13021722/,"表參道車站 / 咖啡店, 啤酒屋, 蛋糕",3.57,-,"JPY 1,000 - JPY 1,999","JPY 1,000 - JPY 1,999"
163,銀座千疋屋 銀座本店 フルーツパーラー,https://tabelog.com/tw/tokyo/A1301/A130101/13002625/,"銀座車站 / 水果聖代, 咖啡店, 蛋糕",3.57,-,"JPY 1,000 - JPY 1,999","JPY 3,000 - JPY 3,999"
164,夜パフェ専門店 モモブクロ,https://tabelog.com/tw/tokyo/A1305/A130501/13235689/,"池袋車站 / 水果聖代, 咖啡店, 甜食",3.57,-,"JPY 1,000 - JPY 1,999",-
165,ノア カフェ 銀座店,https://tabelog.com/tw/tokyo/A1301/A130101/13002704/,"銀座車站 / 咖啡店, 蛋糕, 咖啡館",3.57,-,"JPY 1,000 - JPY 1,999", - JPY 999
166,浅草 花月堂,https://tabelog.com/tw/tokyo/A1311/A131102/13183985/,"淺草車站 / 日式甜點店, 麵包, 西式甜點",3.57,-,-, - JPY 999
167,浅草きびだんご　あづま,https://tabelog.com/tw/tokyo/A1311/A131102/13057224/,淺草車站 / 日式點心,3.57,-, - JPY 999,-
168,カフェ ザ サン リブズ ヒア,https://tabelog.com/tw/tokyo/A1317/A131706/13145455/,"三軒茶屋車站 / 咖啡店, 蛋糕, 甜食",3.57,-, - JPY 999, - JPY 999
169,カフェ ルミエール,https://tabelog.com/tw/tokyo/A1320/A132001/13147519/,"吉祥寺車站 / 咖啡店, 刨冰, 咖喱",3.57,-,"JPY 3,000 - JPY 3,999","JPY 1,000 - JPY 1,999"
170,KURAMAE CANNELE,https://tabelog.com/tw/tokyo/A1311/A131103/13281428/,"藏前車站 / 西式甜點, 咖啡店",3.57,星期一,-,"JPY 1,000 - JPY 1,999"
171,おやき処 れふ亭,https://tabelog.com/tw/tokyo/A1319/A131902/13050583/,中野車站 / 鯛魚燒・大判燒,3.57,-, - JPY 999,-
172,uni CAFE,https://tabelog.com/tw/tokyo/A1312/A131201/13225581/,"錦糸町車站 / 咖啡店, 蛋糕",3.57,-,"JPY 2,000 - JPY 2,999","JPY 1,000 - JPY 1,999"
173,トカクコーヒー,https://tabelog.com/tw/tokyo/A1313/A131303/13253896/,"清澄白河車站 / 咖啡店, 布丁",3.57,星期二,"JPY 1,000 - JPY 1,999","JPY 1,000 - JPY 1,999"
174,家と庭,https://tabelog.com/tw/tokyo/A1306/A130602/13197962/,"表參道車站 / 咖啡店, 蛋糕, 布丁",3.57,-,"JPY 1,000 - JPY 1,999","JPY 1,000 - JPY 1,999"
175,たまご専⾨ 本巣ヱ 東京本家,https://tabelog.com/tw/tokyo/A1307/A130702/13264869/,麻布十番車站 / 甜食,3.57,-,"JPY 1,000 - JPY 1,999",-
176,カフェ オトノヴァ,https://tabelog.com/tw/tokyo/A1311/A131102/13158341/,"淺草車站 / 咖啡店, 義大利料理, 蛋糕",3.57,-,"JPY 3,000 - JPY 3,999","JPY 1,000 - JPY 1,999"
177,麻布野菜菓子,https://tabelog.com/tw/tokyo/A1307/A130702/13140461/,"麻布十番車站 / 日式點心, 刨冰, 咖啡店",3.57,星期二,"JPY 1,000 - JPY 1,999","JPY 1,000 - JPY 1,999"
178,イップクアンドマッチャ 日本橋店,https://tabelog.com/tw/tokyo/A1302/A130202/13241871/,"新日本橋車站 / 咖啡店, 甜食, 西式甜點",3.57,-,-,"JPY 1,000 - JPY 1,999"
179,アンヴデット,https://tabelog.com/tw/tokyo/A1313/A131303/13201342/,清澄白河車站 / 蛋糕,3.57,"星期二, 星期三","JPY 1,000 - JPY 1,999",-
180,松涛カフェ 渋谷本店,https://tabelog.com/tw/tokyo/A1303/A130301/13215570/,"神泉車站 / 咖啡店, 蛋糕, 麵包",3.57,星期一,"JPY 1,000 - JPY 1,999","JPY 1,000 - JPY 1,999"
181,FLOTO,https://tabelog.com/tw/tokyo/A1318/A131810/13207001/,"參宮橋車站 / 意式冰淇淋/冰淇淋, 西式甜點, 咖啡店",3.57,星期三,"JPY 1,000 - JPY 1,999", - JPY 999
182,ディゾン 人形町,https://tabelog.com/tw/tokyo/A1302/A130204/13257415/,"人形町車站 / 咖啡店, 蛋糕",3.57,-,"JPY 1,000 - JPY 1,999","JPY 1,000 - JPY 1,999"
183,元祖千成もなか本舗 大塚店,https://tabelog.com/tw/tokyo/A1323/A132302/13120475/,大塚車站 / 日式點心,3.57,-, - JPY 999,-
184,カフェ・ディ・フェスタ,https://tabelog.com/tw/tokyo/A1302/A130202/13000308/,"新日本橋車站 / 咖啡店, 意式冰淇淋/冰淇淋, 西式料理",3.57,-,"JPY 2,000 - JPY 2,999","JPY 2,000 - JPY 2,999"
185,レ・アントルメ国立,https://tabelog.com/tw/tokyo/A1325/A132503/13006001/,"國立車站 / 蛋糕, 麵包",3.57,星期三,"JPY 1,000 - JPY 1,999", - JPY 999
186,ラデュレ 新宿店,https://tabelog.com/tw/tokyo/A1304/A130401/13140084/,"新宿車站 / 甜食, 馬卡龍, 蛋糕",3.57,-,"JPY 1,000 - JPY 1,999",-
187,パティスリーQBG エキュート品川店,https://tabelog.com/tw/tokyo/A1314/A131403/13019780/,"品川車站 / 蛋糕, 西式甜點",3.57,-,"JPY 1,000 - JPY 1,999",-
188,キタヤ 六人衆 青山本店,https://tabelog.com/tw/tokyo/A1306/A130603/13126438/,"外苑前車站 / 日式點心, 銅鑼燒",3.57,-,"JPY 1,000 - JPY 1,999","JPY 1,000 - JPY 1,999"
189,クリオロ 麻布台ヒルズ店,https://tabelog.com/tw/tokyo/A1307/A130704/13290873/,"神谷町車站 / 蛋糕, 西式甜點",3.57,-, - JPY 999,-
190,ルノートル 銀座三越店,https://tabelog.com/tw/tokyo/A1301/A130101/13233008/,"銀座車站 / 蛋糕, 巧克力",3.57,-,-,"JPY 3,000 - JPY 3,999"
191,ル・ポミエ 麻布十番店,https://tabelog.com/tw/tokyo/A1307/A130702/13097610/,"麻布十番車站 / 蛋糕, 麵包, 咖啡店",3.57,-, - JPY 999, - JPY 999
192,パリット フワット,https://tabelog.com/tw/tokyo/A1311/A131106/13034802/,"本駒込車站 / 麵包, 西式甜點",3.57,星期一,-, - JPY 999
193,ソーワ,https://tabelog.com/tw/tokyo/A1307/A130704/13259026/,"神谷町車站 / 意式冰淇淋/冰淇淋, 軟冰淇淋",3.57,"星期日, 節假日",-,-
194,ブーランジュリー オーヴェルニュ,https://tabelog.com/tw/tokyo/A1324/A132403/13040207/,"花茶屋車站 / 麵包, 三明治, 西式甜點",3.57,星期三,-, - JPY 999
195,どら焼き きてら,https://tabelog.com/tw/tokyo/A1310/A131002/13172147/,"岩本町車站 / 銅鑼燒, 日式點心",3.57,"星期日, 節假日",-, - JPY 999
196,ビスキュイテリエ ブルトンヌ 渋谷ヒカリエ店,https://tabelog.com/tw/tokyo/A1303/A130301/13247053/,澀谷車站 / 西式甜點,3.57,-, - JPY 999,-
197,TORAYA GINZA,https://tabelog.com/tw/tokyo/A1301/A130101/13296020/,銀座車站 / 日式點心,3.57,-,"JPY 1,000 - JPY 1,999",-
198,MUTO coffee roastery,https://tabelog.com/tw/tokyo/A1319/A131902/13173656/,"中野車站 / 咖啡店, 蛋糕",3.57,"星期三, 星期四", - JPY 999, - JPY 999
199,ブノワ・ニアン 銀座,https://tabelog.com/tw/tokyo/A1301/A130101/13289207/,"銀座車站 / 巧克力, 咖啡店",3.57,-,"JPY 4,000 - JPY 4,999","JPY 4,000 - JPY 4,999"
200,パイの店　kibusi,https://tabelog.com/tw/tokyo/A1324/A132402/13116815/,北千住車站 / 甜食,3.57,"星期一, 星期二, 星期日, 節假日", - JPY 999,-
201,フラクタス,https://tabelog.com/tw/tokyo/A1303/A130301/13239851/,"澀谷車站 / 蛋糕, 西式甜點",3.57,-, - JPY 999,-
202,藤の木,https://tabelog.com/tw/tokyo/A1319/A131907/13047497/,"西荻窪車站 / 麵包, 蛋糕",3.57,"星期日, 節假日", - JPY 999, - JPY 999
203,劉記 中華面食,https://tabelog.com/tw/tokyo/A1312/A131204/13273110/,"新小岩車站 / 麵包, 肉包, 中式點心",3.57,-,-, - JPY 999
204,ザ・ペニンシュラ ブティック&カフェ 新丸ビル店,https://tabelog.com/tw/tokyo/A1302/A130201/13251850/,"二重橋前車站 / 咖啡店, 巧克力",3.57,-,"JPY 1,000 - JPY 1,999","JPY 2,000 - JPY 2,999"
205,一炉庵,https://tabelog.com/tw/tokyo/A1310/A131004/13003568/,東大前車站 / 日式點心,3.57,星期二,-,-
206,PATISSERIE TATSUYA SASAKI,https://tabelog.com/tw/tokyo/A1329/A132904/13137859/,"西八王子車站 / 蛋糕, 麵包",3.57,星期一,-,-
207,via A,https://tabelog.com/tw/tokyo/A1324/A132404/13238919/,"五反野車站 / 披薩, 義大利料理, 蛋糕",3.57,"星期二, 星期三","JPY 4,000 - JPY 4,999","JPY 1,000 - JPY 1,999"
208,ジャン＝ポール・エヴァン 伊勢丹新宿本店,https://tabelog.com/tw/tokyo/A1304/A130401/13000854/,"新宿三丁目車站 / 巧克力, 蛋糕, 咖啡店",3.56,-,"JPY 2,000 - JPY 2,999","JPY 2,000 - JPY 2,999"
209,GARIGUETTE,https://tabelog.com/tw/tokyo/A1306/A130602/13265019/,"表參道車站 / 甜食, 咖啡店, 蛋糕",3.56,-,"JPY 1,000 - JPY 1,999","JPY 1,000 - JPY 1,999"
210,dacō? 神楽坂,https://tabelog.com/tw/tokyo/A1309/A130905/13304357/,"神樂坂車站 / 甜甜圈, 麵包",3.56,-,"JPY 1,000 - JPY 1,999",-
211,マルゼンカフェ 日本橋店,https://tabelog.com/tw/tokyo/A1302/A130202/13040182/,"日本橋車站 / 咖啡店, 西式料理, 甜食",3.56,-,"JPY 1,000 - JPY 1,999","JPY 1,000 - JPY 1,999"
212,古桑庵,https://tabelog.com/tw/tokyo/A1317/A131703/13003216/,"自由丘車站 / 日式甜點店, 刨冰",3.56,星期三,"JPY 1,000 - JPY 1,999","JPY 1,000 - JPY 1,999"
213,みなと屋,https://tabelog.com/tw/tokyo/A1318/A131808/13154898/,"笹塚車站 / 章魚燒, 明石燒, 刨冰",3.56,星期三,"JPY 1,000 - JPY 1,999","JPY 1,000 - JPY 1,999"
214,カフェ レ ジュ グルニエ,https://tabelog.com/tw/tokyo/A1306/A130602/13007510/,"表參道車站 / 咖啡店, 蛋糕",3.56,-,"JPY 1,000 - JPY 1,999","JPY 1,000 - JPY 1,999"
215,The Little BAKERY Tokyo,https://tabelog.com/tw/tokyo/A1306/A130601/13254959/,"明治神宮前車站 / 咖啡店, 麵包, 甜甜圈",3.56,-,"JPY 1,000 - JPY 1,999","JPY 1,000 - JPY 1,999"
216,ニューヨーク パーフェクト チーズ 東京駅店,https://tabelog.com/tw/tokyo/A1302/A130201/13207461/,東京車站 / 西式甜點,3.56,-,"JPY 1,000 - JPY 1,999","JPY 1,000 - JPY 1,999"
217,四歩,https://tabelog.com/tw/tokyo/A1320/A132001/13134212/,"吉祥寺車站 / 咖啡店, 日本料理, 甜食",3.56,-,"JPY 1,000 - JPY 1,999","JPY 1,000 - JPY 1,999"
218,ベルトラン ラーシェ ル ブルターニュ 神楽坂,https://tabelog.com/tw/tokyo/A1309/A130905/13147707/,"飯田橋車站 / 法式料理, 可麗餅/法式薄餅, 葡萄酒酒吧",3.56,"星期一, 星期二","JPY 10,000 - JPY 14,999","JPY 6,000 - JPY 7,999"
219,備屋珈琲店 恵比寿店,https://tabelog.com/tw/tokyo/A1303/A130302/13014332/,"惠比壽車站 / 咖啡館, 咖啡店, 意式冰淇淋/冰淇淋",3.56,-,"JPY 1,000 - JPY 1,999","JPY 1,000 - JPY 1,999"
220,ヒグマドーナッツ×コーヒーライツ,https://tabelog.com/tw/tokyo/A1306/A130602/13226926/,"表參道車站 / 咖啡店, 甜甜圈",3.56,星期三,-, - JPY 999
221,RITUEL CAFE ルミネ新宿店,https://tabelog.com/tw/tokyo/A1304/A130401/13247172/,"新宿車站 / 咖啡店, 蛋糕, 義大利麵",3.56,-,"JPY 1,000 - JPY 1,999","JPY 1,000 - JPY 1,999"
222,フェアリーケーキ フェア グランスタ店,https://tabelog.com/tw/tokyo/A1302/A130201/13044129/,東京車站 / 西式甜點,3.56,-,"JPY 1,000 - JPY 1,999","JPY 1,000 - JPY 1,999"
223,Tokyo ShaveIce Ancredore,https://tabelog.com/tw/tokyo/A1310/A131003/13269723/,水道橋車站 / 刨冰,3.56,-,-,"JPY 2,000 - JPY 2,999"
224,つるや製菓,https://tabelog.com/tw/tokyo/A1329/A132904/13037905/,八王子車站 / 日式點心,3.56,星期三, - JPY 999,-
225,IMANOフルーツファクトリー,https://tabelog.com/tw/tokyo/A1302/A130203/13099323/,"茅場町車站 / 水果聖代, 果汁吧攤, 蛋糕",3.56,"星期日, 節假日", - JPY 999, - JPY 999
226,ブラッスリー・バーゼル 京王八王子駅前店,https://tabelog.com/tw/tokyo/A1329/A132904/13086956/,"京王八王子車站 / 咖啡店, 蛋糕",3.56,-,"JPY 1,000 - JPY 1,999","JPY 1,000 - JPY 1,999"
227,kasiki,https://tabelog.com/tw/tokyo/A1318/A131807/13278143/,幡谷車站 / 意式冰淇淋/冰淇淋,3.56,"星期二, 星期三, 星期四",-, - JPY 999
228,麦酒屋 るぷりん,https://tabelog.com/tw/tokyo/A1301/A130101/13142427/,"銀座車站 / 啤酒酒吧, 餐酒吧, 刨冰",3.56,星期一,"JPY 5,000 - JPY 5,999",-
229,六義園 吹上茶屋,https://tabelog.com/tw/tokyo/A1323/A132301/13026210/,"駒込車站 / 日式點心, 日式甜點店",3.56,-,-, - JPY 999
230,西光亭,https://tabelog.com/tw/tokyo/A1318/A131811/13001834/,代代木上原車站 / 西式甜點,3.56,-,-,"JPY 2,000 - JPY 2,999"
231,Very Ruby Cut,https://tabelog.com/tw/tokyo/A1314/A131403/13265600/,品川車站 / 西式甜點,3.56,-,-,"JPY 1,000 - JPY 1,999"
232,feuquiage,https://tabelog.com/tw/tokyo/A1326/A132601/13264560/,調布車站 / 蛋糕,3.56,星期二,-,-
233,ラ・テール洋菓子店,https://tabelog.com/tw/tokyo/A1317/A131705/13004810/,池尻大橋車站 / 蛋糕,3.56,星期二, - JPY 999,-
234,Servo Coffee,https://tabelog.com/tw/tokyo/A1309/A130904/13173550/,"市谷車站 / 咖啡店, 西式甜點",3.56,-,-, - JPY 999
235,MAISON KUROSU 用賀店,https://tabelog.com/tw/tokyo/A1317/A131707/13258655/,"用賀車站 / 麵包, 西式甜點",3.56,"星期一, 星期二, 星期日", - JPY 999, - JPY 999
236,サンモリッツ名花堂,https://tabelog.com/tw/tokyo/A1307/A130702/13007042/,"麻布十番車站 / 麵包, 蛋糕",3.56,"星期一, 星期四", - JPY 999,-
237,レピドール 田園調布店,https://tabelog.com/tw/tokyo/A1317/A131704/13003251/,"田園調布車站 / 蛋糕, 咖啡館",3.56,星期三,-,"JPY 1,000 - JPY 1,999"
238,ブレッド ストーリー 松屋銀座店,https://tabelog.com/tw/tokyo/A1301/A130101/13173072/,"銀座車站 / 麵包, 三明治, 西式甜點",3.56,-, - JPY 999,-
239,ロッセ,https://tabelog.com/tw/tokyo/A1327/A132701/13059161/,"町田車站 / 咖啡館, 蛋糕",3.56,星期三, - JPY 999, - JPY 999
240,buik,https://tabelog.com/tw/tokyo/A1306/A130602/13183574/,"表參道車站 / 咖啡店, 麵包, 西式甜點",3.56,"星期一, 星期二",-,"JPY 2,000 - JPY 2,999"
241,コンテナ,https://tabelog.com/tw/tokyo/A1304/A130401/13101984/,"新宿三丁目車站 / 咖啡店, 蛋糕, 甜食",3.56,"星期一, 星期四, 星期日",-,"JPY 1,000 - JPY 1,999"
242,BREAD PLANT OZ 本店,https://tabelog.com/tw/tokyo/A1317/A131702/13153586/,"都立大學車站 / 麵包, 三明治, 甜甜圈",3.56,星期三,"JPY 2,000 - JPY 2,999", - JPY 999
243,ニューヨークシティサンド 羽田空港第2ターミナルビル,https://tabelog.com/tw/tokyo/A1315/A131504/13232670/,羽田機場第2航廈車站 / 西式甜點,3.56,-,"JPY 1,000 - JPY 1,999",-
244,Donut and Meatball KEOkeo,https://tabelog.com/tw/tokyo/A1317/A131715/13268067/,"上野毛車站 / 咖啡店, 甜甜圈",3.56,星期四, - JPY 999,"JPY 2,000 - JPY 2,999"
245,POSH,https://tabelog.com/tw/tokyo/A1313/A131303/13265384/,"清澄白河車站 / 西式甜點, 蛋糕",3.56,-,"JPY 2,000 - JPY 2,999","JPY 2,000 - JPY 2,999"
246,sarkara,https://tabelog.com/tw/tokyo/A1317/A131706/13304374/,三軒茶屋車站 / 蛋糕,3.56,星期二,-,-
247,アンズトモモ,https://tabelog.com/tw/tokyo/A1323/A132305/13204384/,"赤羽車站 / 咖啡店, 西式甜點",3.56,星期三,"JPY 1,000 - JPY 1,999","JPY 1,000 - JPY 1,999"
248,FarmMart & Friends,https://tabelog.com/tw/tokyo/A1304/A130401/13269700/,"南新宿車站 / 咖啡店, 甜甜圈",3.56,"星期三, 星期四", - JPY 999, - JPY 999
249,庄之助 神田須田町店,https://tabelog.com/tw/tokyo/A1310/A131002/13044112/,"淡路町車站 / 日式點心, 銅鑼燒",3.56,"星期六, 星期日, 節假日", - JPY 999,-
250,Brick bake bakers by Pâtisserie ease,https://tabelog.com/tw/tokyo/A1302/A130201/13300444/,東京車站 / 西式甜點,3.56,-,"JPY 1,000 - JPY 1,999","JPY 1,000 - JPY 1,999"
251,タイニー トリア アフタヌーンティー＆カフェ,https://tabelog.com/tw/tokyo/A1302/A130204/13228354/,"人形町車站 / 咖啡店, 西式甜點",3.56,"星期一, 星期二",-,"JPY 1,000 - JPY 1,999"
252,ドーナツ工房　レポロ,https://tabelog.com/tw/tokyo/A1326/A132601/13124683/,"仙川車站 / 甜甜圈, 西式甜點, 咖啡店",3.56,"星期一, 星期日",-, - JPY 999
253,ヒロミ＆コ スイーツ＆コーヒー,https://tabelog.com/tw/tokyo/A1302/A130204/13255367/,"小傳馬町車站 / 西式甜點, 咖啡店, 蛋糕",3.56,"星期一, 星期二, 星期三, 星期日","JPY 1,000 - JPY 1,999","JPY 1,000 - JPY 1,999"
254,ロダス 銀座三越店,https://tabelog.com/tw/tokyo/A1301/A130101/13238235/,銀座車站 / 西式甜點,3.56,-,-,-
255,プレリアル成城,https://tabelog.com/tw/tokyo/A1318/A131814/13005170/,"成城學園前車站 / 蛋糕, 咖啡館, 麵包",3.56,"星期一, 星期二","JPY 1,000 - JPY 1,999","JPY 1,000 - JPY 1,999"
256,京菓子司　彦九郎,https://tabelog.com/tw/tokyo/A1302/A130204/13111915/,"人形町車站 / 日式點心, 刨冰, 銅鑼燒",3.56,-,-,-
257,キュイソン ルカ,https://tabelog.com/tw/tokyo/A1317/A131710/13160141/,西小山車站 / 蛋糕,3.56,"星期一, 星期日", - JPY 999, - JPY 999
258,otaco,https://tabelog.com/tw/tokyo/A1311/A131102/13115525/,"淺草車站 / 蛋糕, 甜食",3.56,"星期一, 星期日", - JPY 999,-
259,Honey,https://tabelog.com/tw/tokyo/A1319/A131906/13220348/,"荻窪車站 / 麵包, 西式甜點",3.56,-,-, - JPY 999
260,REGINA,https://tabelog.com/tw/tokyo/A1318/A131814/13256648/,"祖師谷大藏車站 / 麵包, 甜甜圈, 三明治",3.56,星期二,"JPY 2,000 - JPY 2,999","JPY 2,000 - JPY 2,999"
261,レイジー デイジー ベーカリー,https://tabelog.com/tw/tokyo/A1310/A131002/13206667/,御茶之水車站 / 西式甜點,3.56,-,-,"JPY 2,000 - JPY 2,999"
262,ブラッスリー リーヌ,https://tabelog.com/tw/tokyo/A1311/A131106/13231675/,"根津車站 / 法式小酒館, 法式料理, 西式甜點",3.56,星期一,"JPY 8,000 - JPY 9,999","JPY 3,000 - JPY 3,999"
263,麗郷 渋谷店,https://tabelog.com/tw/tokyo/A1303/A130301/13001805/,"澀谷車站 / 台灣料理, 甜食",3.55,-,"JPY 4,000 - JPY 4,999",-
264,みはし 上野本店,https://tabelog.com/tw/tokyo/A1311/A131101/13003581/,"京成上野車站 / 日式甜點店, 刨冰, 咖啡館",3.55,-,-,"JPY 1,000 - JPY 1,999"
265,ウエスト青山ガーデン,https://tabelog.com/tw/tokyo/A1307/A130701/13057028/,"乃木坂車站 / 咖啡店, 蛋糕, 鬆餅",3.55,-,"JPY 2,000 - JPY 2,999","JPY 1,000 - JPY 1,999"
266,銀座ウエスト 銀座本店 ,https://tabelog.com/tw/tokyo/A1301/A130101/13002565/,"銀座車站 / 咖啡館, 蛋糕, 咖啡店",3.55,-,"JPY 1,000 - JPY 1,999","JPY 1,000 - JPY 1,999"
267,芋屋金次郎 日本橋店,https://tabelog.com/tw/tokyo/A1302/A130202/13166354/,"三越前車站 / 日式點心, 意式冰淇淋/冰淇淋",3.55,-, - JPY 999,-
268,I'm donut? 原宿店,https://tabelog.com/tw/tokyo/A1306/A130601/13287491/,原宿車站 / 甜甜圈,3.55,-, - JPY 999,-
269,ラ・メゾン・キオイ,https://tabelog.com/tw/tokyo/A1308/A130801/13199028/,"永田町車站 / 法式料理, 咖啡店, 蛋糕",3.55,星期二,"JPY 15,000 - JPY 19,999","JPY 6,000 - JPY 7,999"
270,ジャン・フランソワ GINZA SIX店,https://tabelog.com/tw/tokyo/A1301/A130101/13207631/,"銀座車站 / 麵包, 西式甜點",3.55,-, - JPY 999, - JPY 999
271,パティスリー・サダハル・アオキ・パリ 東京ミッドタウン店,https://tabelog.com/tw/tokyo/A1307/A130701/13037371/,"六本木車站 / 蛋糕, 咖啡店, 馬卡龍",3.55,-,"JPY 2,000 - JPY 2,999","JPY 2,000 - JPY 2,999"
272,フォーシーズンズカフェ,https://tabelog.com/tw/tokyo/A1313/A131305/13054425/,"西葛西車站 / 咖啡店, 蛋糕, 水果聖代",3.55,星期三,"JPY 1,000 - JPY 1,999", - JPY 999
273,御茶ノ水 小川軒,https://tabelog.com/tw/tokyo/A1310/A131002/13005532/,"御茶之水車站 / 西式料理, 蛋糕, 咖啡店",3.55,"星期日, 節假日","JPY 1,000 - JPY 1,999","JPY 2,000 - JPY 2,999"
274,UPLIGHT COFFEE,https://tabelog.com/tw/tokyo/A1303/A130301/13240139/,"澀谷車站 / 咖啡店, 甜食, 三明治",3.55,-, - JPY 999, - JPY 999
275,アトリウムラウンジ,https://tabelog.com/tw/tokyo/A1308/A130802/13007535/,"六本木一丁目車站 / 咖啡店, 酒吧, 蛋糕",3.55,-,"JPY 6,000 - JPY 7,999","JPY 6,000 - JPY 7,999"
276,まめ茶和ん,https://tabelog.com/tw/tokyo/A1309/A130905/13184785/,"飯田橋車站 / 烏龍麵, 日式甜點店, 刨冰",3.55,-,"JPY 1,000 - JPY 1,999","JPY 1,000 - JPY 1,999"
277,クレープハウスCIRCUS,https://tabelog.com/tw/tokyo/A1320/A132001/13019143/,吉祥寺車站 / 可麗餅/法式薄餅,3.55,星期三, - JPY 999,-
278,それいゆ,https://tabelog.com/tw/tokyo/A1319/A131907/13011829/,"西荻窪車站 / 咖啡館, 蛋糕",3.55,-,"JPY 1,000 - JPY 1,999","JPY 1,000 - JPY 1,999"
279,果実園リーベル 日比谷シャンテ店,https://tabelog.com/tw/tokyo/A1301/A130102/13265586/,"日比谷車站 / 咖啡店, 蛋糕",3.55,-,"JPY 1,000 - JPY 1,999","JPY 1,000 - JPY 1,999"
280,クレール ドゥ リュンヌ 本店,https://tabelog.com/tw/tokyo/A1311/A131103/13161593/,"田原町車站 / 蛋糕, 咖啡店",3.55,-,"JPY 2,000 - JPY 2,999",-
281,人形焼本舗板倉屋,https://tabelog.com/tw/tokyo/A1302/A130204/13026136/,人形町車站 / 日式點心,3.55,"星期日, 節假日",-,-
282,コーヒーラウンジ マウナケア,https://tabelog.com/tw/tokyo/A1314/A131403/13013906/,"品川車站 / 咖啡店, 麵包, 蛋糕",3.55,-,"JPY 2,000 - JPY 2,999","JPY 1,000 - JPY 1,999"
283,JAIME,https://tabelog.com/tw/tokyo/A1308/A130801/13261508/,"赤坂車站 / 咖啡店, 甜食",3.55,-,"JPY 2,000 - JPY 2,999","JPY 1,000 - JPY 1,999"
284,Mr.Bakeman,https://tabelog.com/tw/tokyo/A1312/A131203/13270064/,"押上車站 / 咖啡店, 西式甜點",3.55,"星期一, 星期二","JPY 1,000 - JPY 1,999","JPY 1,000 - JPY 1,999"
285,オードリー 東京駅グランスタ店,https://tabelog.com/tw/tokyo/A1302/A130201/13234653/,東京車站 / 西式甜點,3.55,-,"JPY 1,000 - JPY 1,999","JPY 1,000 - JPY 1,999"
286,浪花家 本店,https://tabelog.com/tw/tokyo/A1312/A131201/13007973/,兩國車站 / 鯛魚燒・大判燒,3.55,-,-, - JPY 999
287,キル フェ ボン 東京ドームシティ店,https://tabelog.com/tw/tokyo/A1310/A131003/13287788/,"後樂園車站 / 蛋糕, 咖啡店",3.55,"節假日, 節假日前, 節假日後",-,"JPY 3,000 - JPY 3,999"
288,ピカソル 代官山本店,https://tabelog.com/tw/tokyo/A1303/A130303/13019468/,"代官山車站 / 蛋糕, 麵包",3.55,-, - JPY 999, - JPY 999
289,かき氷Ryan,https://tabelog.com/tw/tokyo/A1309/A130903/13185654/,四谷三丁目車站 / 刨冰,3.55,星期五,"JPY 2,000 - JPY 2,999",-
290,ペーパー ムーン グリーンスプリングス店,https://tabelog.com/tw/tokyo/A1329/A132901/13249204/,"立川北車站 / 咖啡店, 蛋糕",3.55,-,"JPY 1,000 - JPY 1,999","JPY 1,000 - JPY 1,999"
291,ヒャ/とろり。 池袋店,https://tabelog.com/tw/tokyo/A1305/A130501/13286714/,"池袋車站 / 刨冰, 食堂",3.55,-,"JPY 1,000 - JPY 1,999","JPY 1,000 - JPY 1,999"
292,カフェ・グレ,https://tabelog.com/tw/tokyo/A1327/A132701/13016437/,"町田車站 / 咖啡店, 蛋糕",3.55,星期一, - JPY 999, - JPY 999
293,ピエロ,https://tabelog.com/tw/tokyo/A1322/A132203/13008877/,"大山車站 / 可麗餅/法式薄餅, 意式冰淇淋/冰淇淋",3.55,星期二, - JPY 999, - JPY 999
294,パティスリー ナオキ 駒沢店,https://tabelog.com/tw/tokyo/A1317/A131707/13001442/,駒澤大學車站 / 蛋糕,3.55,"星期一, 星期二","JPY 1,000 - JPY 1,999",-
295,ル　ショコラ　ドゥ　アッシュ 渋谷ヒカリエ ShinQs店,https://tabelog.com/tw/tokyo/A1303/A130301/13140635/,"澀谷車站 / 巧克力, 軟冰淇淋",3.55,-,"JPY 1,000 - JPY 1,999",-
296,ぐるあつ,https://tabelog.com/tw/tokyo/A1311/A131101/13120091/,"上野車站 / 甜食, 咖啡店, 便當",3.55,星期日,-,"JPY 1,000 - JPY 1,999"
297,博多屋,https://tabelog.com/tw/tokyo/A1324/A132401/13065777/,町屋車站前車站 / 鯛魚燒・大判燒,3.55,-, - JPY 999,-
298,ティー スイーツ ラボ コンテナート 南新宿店,https://tabelog.com/tw/tokyo/A1304/A130403/13243138/,"南新宿車站 / 咖啡店, 刨冰, 甜食",3.55,星期一,-,"JPY 1,000 - JPY 1,999"
299,カンノンコーヒー 松陰神社店,https://tabelog.com/tw/tokyo/A1317/A131709/13232551/,"松陰神社前車站 / 咖啡店, 甜食, 西式甜點",3.55,-, - JPY 999,"JPY 1,000 - JPY 1,999"
300,ル・ポミエ,https://tabelog.com/tw/tokyo/A1318/A131811/13022955/,"東北澤車站 / 蛋糕, 咖啡店",3.55,"星期二, 星期三","JPY 1,000 - JPY 1,999","JPY 1,000 - JPY 1,999"
301,ラデュレ 日比谷店,https://tabelog.com/tw/tokyo/A1301/A130102/13296608/,"日比谷車站 / 甜食, 咖啡店, 馬卡龍",3.55,-,"JPY 3,000 - JPY 3,999","JPY 3,000 - JPY 3,999"
302,カファレル 東京駅グランスタ店,https://tabelog.com/tw/tokyo/A1302/A130201/13094853/,"東京車站 / 蛋糕, 巧克力",3.55,-,"JPY 1,000 - JPY 1,999",-
303,池袋 三原堂,https://tabelog.com/tw/tokyo/A1305/A130501/13003868/,池袋車站 / 日式點心,3.55,星期一,-,"JPY 1,000 - JPY 1,999"
304,TSUJI,https://tabelog.com/tw/tokyo/A1324/A132402/13255453/,"北千住車站 / 刨冰, 咖啡店",3.55,星期三, - JPY 999, - JPY 999
305,ピエス・モンテ,https://tabelog.com/tw/tokyo/A1301/A130103/13002681/,新橋車站 / 蛋糕,3.55,"星期日, 節假日","JPY 1,000 - JPY 1,999",-
306,ヒグベーグル&カフェ,https://tabelog.com/tw/tokyo/A1322/A132205/13121721/,"板橋本町車站 / 貝果, 咖啡店, 甜食",3.55,"星期一, 星期二",-,"JPY 1,000 - JPY 1,999"
307,あずきとこおり,https://tabelog.com/tw/tokyo/A1318/A131810/13267768/,南新宿車站 / 刨冰,3.55,星期三,"JPY 3,000 - JPY 3,999",-
308,Beurre Vérité,https://tabelog.com/tw/tokyo/A1301/A130102/13295478/,日比谷車站 / 西式甜點,3.55,-,"JPY 1,000 - JPY 1,999","JPY 1,000 - JPY 1,999"
309,SLOPE,https://tabelog.com/tw/tokyo/A1321/A132105/13146304/,"上井草車站 / 咖啡店, 蛋糕",3.55,星期一,"JPY 1,000 - JPY 1,999","JPY 1,000 - JPY 1,999"
310,たぬき煎餅,https://tabelog.com/tw/tokyo/A1307/A130702/13002806/,麻布十番車站 / 仙貝,3.55,-, - JPY 999,-
311,Bole COFFEE&ICE CREAM,https://tabelog.com/tw/tokyo/A1318/A131803/13285909/,"新代田車站 / 咖啡店, 意式冰淇淋/冰淇淋",3.55,-, - JPY 999, - JPY 999
312,ル スフレ,https://tabelog.com/tw/tokyo/A1318/A131810/13269105/,"參宮橋車站 / 咖啡店, 西式甜點, 甜食",3.55,星期二,"JPY 1,000 - JPY 1,999","JPY 2,000 - JPY 2,999"
313,こひる庵,https://tabelog.com/tw/tokyo/A1312/A131201/13238213/,"兩國車站 / 刨冰, 日式點心",3.55,-,"JPY 1,000 - JPY 1,999",-
314,Bar和ごころ赤坂,https://tabelog.com/tw/tokyo/A1308/A130801/13209214/,"赤坂見附車站 / 酒吧, 巧克力, 咖啡店",3.55,星期日,"JPY 4,000 - JPY 4,999",-
315,BLUE POPPY Bakery,https://tabelog.com/tw/tokyo/A1317/A131708/13271342/,"二子玉川車站 / 麵包, 西式甜點",3.55,"星期二, 星期三",-,-
316,イタリアンかき氷 リコッタ,https://tabelog.com/tw/tokyo/A1309/A130905/13276180/,飯田橋車站 / 刨冰,3.55,-,"JPY 1,000 - JPY 1,999","JPY 1,000 - JPY 1,999"
317,ロダス 伊勢丹新宿店,https://tabelog.com/tw/tokyo/A1304/A130401/13243589/,"新宿三丁目車站 / 西式甜點, 麵包",3.55,-, - JPY 999,-
318,大吾,https://tabelog.com/tw/tokyo/A1321/A132103/13022860/,大泉學園車站 / 日式點心,3.55,"星期一, 星期二",-,-
319,洋菓子 代官山小川軒,https://tabelog.com/tw/tokyo/A1303/A130303/13136728/,"代官山車站 / 蛋糕, 西式甜點",3.55,"星期日, 節假日",-,-
320,餅甚,https://tabelog.com/tw/tokyo/A1315/A131502/13008295/,平和島車站 / 日式點心,3.55,星期二,-, - JPY 999
321,亀屋大和,https://tabelog.com/tw/tokyo/A1302/A130204/13095040/,馬食町車站 / 日式點心,3.55,"星期一, 星期日, 節假日",-, - JPY 999
322,カオリ ヒロネ,https://tabelog.com/tw/tokyo/A1305/A130502/13054933/,"目白車站 / 蛋糕, 巧克力",3.55,"星期二, 星期三",-,-
323,ランタン・ルージュ,https://tabelog.com/tw/tokyo/A1319/A131902/13131811/,"中野車站 / 法式料理, 餐吧（西班牙風格餐吧）, 甜食",3.55,星期一,"JPY 4,000 - JPY 4,999",-
324,但馬屋珈琲店 本店,https://tabelog.com/tw/tokyo/A1304/A130401/13000747/,"新宿西口車站 / 咖啡館, 咖啡店, 甜食",3.54,-,-, - JPY 999
325,茶房 オクノシブヤ,https://tabelog.com/tw/tokyo/A1318/A131810/13282936/,"代代木公園車站 / 咖啡店, 刨冰, 日式點心",3.54,星期二,"JPY 1,000 - JPY 1,999","JPY 1,000 - JPY 1,999"
326,A WORKS,https://tabelog.com/tw/tokyo/A1317/A131702/13168995/,"學藝大學車站 / 蛋糕, 咖啡店, 葡萄酒酒吧",3.54,"星期二, 星期三, 星期四, 星期五",-,"JPY 1,000 - JPY 1,999"
327,ヒグマドーナッツ 学芸大学本店,https://tabelog.com/tw/tokyo/A1317/A131702/13225428/,"學藝大學車站 / 甜甜圈, 漢堡, 咖啡店",3.54,星期三,"JPY 1,000 - JPY 1,999", - JPY 999
328,キストリーツ,https://tabelog.com/tw/tokyo/A1303/A130301/13249566/,澀谷車站 / 意式冰淇淋/冰淇淋,3.54,-,"JPY 1,000 - JPY 1,999",-
329,バインミー☆サンドイッチ 水道橋東口店,https://tabelog.com/tw/tokyo/A1310/A131003/13223600/,"水道橋車站 / 三明治, 越南料理, 甜食",3.54,-, - JPY 999, - JPY 999
330,ブルディガラカフェ 大丸東京店,https://tabelog.com/tw/tokyo/A1302/A130201/13045466/,"東京車站 / 咖啡店, 蛋糕",3.54,-,"JPY 1,000 - JPY 1,999","JPY 1,000 - JPY 1,999"
331,果房 メロンとロマン,https://tabelog.com/tw/tokyo/A1309/A130905/13236467/,"牛込神樂坂車站 / 甜食, 刨冰, 咖啡店",3.54,"星期一, 星期二",-,"JPY 1,000 - JPY 1,999"
332,茶語 TEA SALON 新宿髙島屋店,https://tabelog.com/tw/tokyo/A1304/A130401/13004267/,"新宿車站 / 咖啡店, 甜食",3.54,-,"JPY 1,000 - JPY 1,999","JPY 1,000 - JPY 1,999"
333,白髭のシュークリーム工房 吉祥寺店,https://tabelog.com/tw/tokyo/A1320/A132001/13227964/,"吉祥寺車站 / 西式甜點, 蛋糕, 甜食",3.54,星期二, - JPY 999, - JPY 999
334,バナナファクトリー,https://tabelog.com/tw/tokyo/A1312/A131203/13218413/,"東京晴空塔車站 / 蛋糕, 意式冰淇淋/冰淇淋, 果汁吧攤",3.54,"星期二, 星期三",-, - JPY 999
335,高尾山 天狗屋,https://tabelog.com/tw/tokyo/A1329/A132905/13171936/,"高尾山口車站 / 咖啡店, 西式甜點",3.54,-, - JPY 999,-
336,トーキョー チューリップ ローズ 東京駅店,https://tabelog.com/tw/tokyo/A1302/A130201/13238763/,東京車站 / 西式甜點,3.54,-,-,-
337,島田屋製菓,https://tabelog.com/tw/tokyo/A1324/A132404/13003771/,"六町車站 / 年輪蛋糕, 蛋糕",3.54,"星期日, 節假日", - JPY 999,-
338,喫茶去 快生軒,https://tabelog.com/tw/tokyo/A1302/A130204/13018091/,"人形町車站 / 咖啡館, 咖啡店, 蛋糕",3.54,"星期六, 星期日, 節假日", - JPY 999, - JPY 999
339,カフェ GOTO,https://tabelog.com/tw/tokyo/A1305/A130504/13006171/,"早稻田車站 / 咖啡館, 蛋糕, 咖啡店",3.54,-,-, - JPY 999
340,メイドイン ピエール・エルメ グランスタ東京店,https://tabelog.com/tw/tokyo/A1302/A130201/13249289/,"東京車站 / 咖啡店, 西式甜點, 三明治",3.54,-, - JPY 999,"JPY 1,000 - JPY 1,999"
341,四代目大野屋氷室,https://tabelog.com/tw/tokyo/A1311/A131101/13223873/,"京成上野車站 / 刨冰, 日式甜點店",3.54,-,-, - JPY 999
342,アミ コーノ,https://tabelog.com/tw/tokyo/A1317/A131703/13217196/,"自由丘車站 / 意式冰淇淋/冰淇淋, 咖啡店",3.54,-, - JPY 999, - JPY 999
343,あいと電氣餅店,https://tabelog.com/tw/tokyo/A1318/A131810/13287701/,"代代木八幡車站 / 大福, 日式點心",3.54,星期一,-,"JPY 1,000 - JPY 1,999"
344,ナイス&ウォーム,https://tabelog.com/tw/tokyo/A1318/A131809/13201060/,"八幡山車站 / 刨冰, 咖啡店, 西式甜點",3.54,星期三,"JPY 1,000 - JPY 1,999","JPY 1,000 - JPY 1,999"
345,ピスタ＆トウキョウ 東京ギフトパレット店,https://tabelog.com/tw/tokyo/A1302/A130201/13250248/,東京車站 / 西式甜點,3.54,-,-,-
346,ラ・パレット,https://tabelog.com/tw/tokyo/A1318/A131802/13007301/,"下北澤車站 / 咖啡店, 蛋糕",3.54,星期一,-,"JPY 1,000 - JPY 1,999"
347,タケノとおはぎ 世田谷本店,https://tabelog.com/tw/tokyo/A1317/A131707/13278817/,"櫻新町車站 / 日式點心, 甜食",3.54,"星期一, 星期二",-,-
348,グルテンフリー田んぼのパン工房 米魂 戸越銀座本店,https://tabelog.com/tw/tokyo/A1317/A131712/13113559/,"戶越車站 / 麵包, 蛋糕",3.54,星期四, - JPY 999,-
349,はぶたえ 日暮里駅前店,https://tabelog.com/tw/tokyo/A1311/A131105/13015716/,"日暮里車站 / 日式甜點店, 日式點心, 刨冰",3.54,星期一,"JPY 1,000 - JPY 1,999", - JPY 999
350,ナンバー シュガー 丸の内店,https://tabelog.com/tw/tokyo/A1301/A130102/13245436/,"有樂町車站 / 西式甜點, 甜食",3.54,-,"JPY 1,000 - JPY 1,999","JPY 1,000 - JPY 1,999"
351,茂助だんご 豊洲市場,https://tabelog.com/tw/tokyo/A1313/A131306/13227209/,"市場前車站 / 日式甜點店, 日式點心",3.54,"星期三, 星期日",-, - JPY 999
352,d'une rarete,https://tabelog.com/tw/tokyo/A1307/A130702/13303784/,"麻布十番車站 / 麵包, 咖啡店, 甜食",3.54,-,"JPY 2,000 - JPY 2,999","JPY 1,000 - JPY 1,999"
353,銀座 菊廼舎 本店,https://tabelog.com/tw/tokyo/A1301/A130101/13258362/,東銀座車站 / 日式點心,3.54,-,"JPY 1,000 - JPY 1,999","JPY 1,000 - JPY 1,999"
354,メゾン ランドゥメンヌ アトレ恵比寿,https://tabelog.com/tw/tokyo/A1303/A130302/13255915/,"惠比壽車站 / 麵包, 西式甜點, 咖啡店",3.54,-,-,"JPY 1,000 - JPY 1,999"
355,ニシキヤ洋菓子店,https://tabelog.com/tw/tokyo/A1318/A131814/13012633/,"祖師谷大藏車站 / 咖啡店, 蛋糕, 巧克力",3.54,"星期三, 星期四", - JPY 999,"JPY 1,000 - JPY 1,999"
356,taik bake&coffee,https://tabelog.com/tw/tokyo/A1316/A131601/13271493/,"惠比壽車站 / 咖啡店, 蛋糕",3.54,星期二,-,"JPY 1,000 - JPY 1,999"
357,カフェ・サンクチュアリ,https://tabelog.com/tw/tokyo/A1324/A132404/13096763/,"西新井車站 / 咖啡店, 甜食, 貝果",3.54,"星期二, 星期三","JPY 1,000 - JPY 1,999","JPY 1,000 - JPY 1,999"
358,Cafe 椿,https://tabelog.com/tw/tokyo/A1303/A130302/13098102/,"廣尾車站 / 咖啡店, 蛋糕, 日式點心",3.54,-,-,"JPY 1,000 - JPY 1,999"
359,Kunitachi Tea House,https://tabelog.com/tw/tokyo/A1325/A132503/13098296/,"國立車站 / 咖啡店, 可麗餅/法式薄餅",3.54,-,"JPY 1,000 - JPY 1,999","JPY 1,000 - JPY 1,999"
360,グーテ・ルブレ 入谷店,https://tabelog.com/tw/tokyo/A1311/A131104/13261228/,"入谷車站 / 麵包, 三明治, 蛋糕",3.54,-, - JPY 999,-
361,私のかき氷。,https://tabelog.com/tw/tokyo/A1310/A131002/13287506/,岩本町車站 / 刨冰,3.54,-,"JPY 1,000 - JPY 1,999",-
362,Chocolaterie&Bar ROND-POINT by Hirofumi Tanakamaru,https://tabelog.com/tw/tokyo/A1319/A131903/13263292/,"中野坂上車站 / 巧克力, 蛋糕, 酒吧",3.54,星期一,-,"JPY 2,000 - JPY 2,999"
363,カファブンナ,https://tabelog.com/tw/tokyo/A1307/A130701/13012992/,"六本木車站 / 咖啡館, 蛋糕",3.54,星期三,-, - JPY 999
364,キャロリーヌ,https://tabelog.com/tw/tokyo/A1321/A132102/13003803/,"練馬春日町車站 / 蛋糕, 巧克力",3.54,星期三,"JPY 1,000 - JPY 1,999",-
365,コンフェクショナリィ ブラウン,https://tabelog.com/tw/tokyo/A1302/A130203/13045062/,"寶町車站 / 麵包, 三明治, 西式甜點",3.54,"星期六, 星期日, 節假日", - JPY 999,-
366,LA BASE de Chez Lui,https://tabelog.com/tw/tokyo/A1303/A130303/13294240/,"代官山車站 / 巧克力, 意式冰淇淋/冰淇淋, 西式甜點",3.54,星期二,-,"JPY 2,000 - JPY 2,999"
367,アンデルセン,https://tabelog.com/tw/tokyo/A1321/A132101/13016934/,江古田車站 / 蛋糕,3.54,-,"JPY 1,000 - JPY 1,999", - JPY 999
368,Little Mitten BAKE SHOP,https://tabelog.com/tw/tokyo/A1315/A131503/13283013/,"蒲田車站 / 咖啡店, 西式甜點",3.54,"星期三, 星期四",-,"JPY 1,000 - JPY 1,999"
369,Patisserie De bonne augure,https://tabelog.com/tw/tokyo/A1311/A131101/13277548/,湯島車站 / 蛋糕,3.54,星期三,"JPY 1,000 - JPY 1,999","JPY 1,000 - JPY 1,999"
370,喫茶 ベレー,https://tabelog.com/tw/tokyo/A1317/A131710/13236909/,"戶越銀座車站 / 咖啡館, 刨冰",3.54,"星期一, 星期二, 星期四, 星期五, 星期日",-,"JPY 2,000 - JPY 2,999"
371,パティスリープラネッツ 大泉学園本店,https://tabelog.com/tw/tokyo/A1321/A132103/13005576/,"大泉學園車站 / 蛋糕, 巧克力",3.54,星期三,-,-
372,Maison du CREER,https://tabelog.com/tw/tokyo/A1316/A131602/13265434/,"白金台車站 / 西式甜點, 蛋糕, 馬卡龍",3.54,"星期三, 星期四","JPY 4,000 - JPY 4,999",-
373,HiO ICE CREAM Atelier 自由が丘,https://tabelog.com/tw/tokyo/A1317/A131703/13233854/,自由丘車站 / 意式冰淇淋/冰淇淋,3.54,"星期一, 星期二, 星期三, 星期四, 星期五", - JPY 999, - JPY 999
374,ミッシェルバッハ 日本橋,https://tabelog.com/tw/tokyo/A1302/A130202/13283436/,"三越前車站 / 西式甜點, 馬卡龍",3.54,-,"JPY 1,000 - JPY 1,999","JPY 1,000 - JPY 1,999"
375,御菓子司 東海,https://tabelog.com/tw/tokyo/A1302/A130204/13055698/,人形町車站 / 日式點心,3.54,-, - JPY 999,-
376,ガルガンチュワ,https://tabelog.com/tw/tokyo/A1301/A130102/13300201/,"日比谷車站 / 甜食, 麵包, 西式甜點",3.54,-,"JPY 2,000 - JPY 2,999","JPY 2,000 - JPY 2,999"
377,TiTRE,https://tabelog.com/tw/tokyo/A1318/A131814/13240435/,"祖師谷大藏車站 / 咖啡店, 蛋糕, 西式甜點",3.54,"星期一, 星期二, 星期三, 星期日",-,"JPY 1,000 - JPY 1,999"
378,パティスリー サトウ,https://tabelog.com/tw/tokyo/A1317/A131715/13250983/,"九品佛車站 / 蛋糕, 西式甜點, 巧克力",3.54,"星期二, 星期三, 星期四",-,-
379,roku,https://tabelog.com/tw/tokyo/A1318/A131810/13253421/,"參宮橋車站 / 法式料理, 蛋糕, 西式甜點",3.54,星期三,"JPY 15,000 - JPY 19,999","JPY 8,000 - JPY 9,999"
380,Vegan Cafe PQ's,https://tabelog.com/tw/tokyo/A1311/A131104/13258627/,"入谷車站 / 咖啡店, 咖喱, 甜食",3.54,"星期二, 星期三",-,"JPY 2,000 - JPY 2,999"
381,Hugh Morgan,https://tabelog.com/tw/tokyo/A1302/A130202/13277234/,"三越前車站 / 蛋糕, 馬卡龍, 西式甜點",3.54,-,-,"JPY 4,000 - JPY 4,999"
382,PANIFICIO VIVIANI,https://tabelog.com/tw/tokyo/A1318/A131805/13263367/,"永福町車站 / 麵包, 西式甜點",3.54,"星期一, 星期二",-,"JPY 1,000 - JPY 1,999"
383,ヤスヒロ セノ,https://tabelog.com/tw/tokyo/A1317/A131703/13267402/,自由丘車站 / 巧克力,3.54,"星期一, 星期二",-,-
384,銀座 緑壽庵清水,https://tabelog.com/tw/tokyo/A1301/A130101/13216836/,銀座車站 / 日式點心,3.54,星期三,-,"JPY 3,000 - JPY 3,999"
385,French Restaurant ensia,https://tabelog.com/tw/tokyo/A1311/A131102/13261680/,"田原町車站 / 法式料理, 蛋糕, 西式甜點",3.54,-,"JPY 15,000 - JPY 19,999","JPY 3,000 - JPY 3,999"
386,Hills House Dining 33 Pâtisserie à la Maison,https://tabelog.com/tw/tokyo/A1307/A130704/13291586/,"六本木一丁目車站 / 蛋糕, 西式甜點, 甜食",3.54,-,"JPY 1,000 - JPY 1,999","JPY 1,000 - JPY 1,999"
387,クラブハリエ イーチャレンジ 東京ギフトパレット店,https://tabelog.com/tw/tokyo/A1302/A130201/13250959/,東京車站 / 年輪蛋糕,3.54,-, - JPY 999, - JPY 999
388,キル フェ ボン グランメゾン銀座,https://tabelog.com/tw/tokyo/A1301/A130101/13125583/,"銀座一丁目車站 / 蛋糕, 咖啡店, 巧克力",3.53,"節假日, 節假日前, 節假日後",-,"JPY 3,000 - JPY 3,999"
389,ブレッツ カフェ クレープリー 新宿タカシマヤ店,https://tabelog.com/tw/tokyo/A1304/A130401/13039529/,"新宿車站 / 咖啡店, 法式料理, 可麗餅/法式薄餅",3.53,-,"JPY 2,000 - JPY 2,999","JPY 1,000 - JPY 1,999"
390,HIGASHIYA GINZA,https://tabelog.com/tw/tokyo/A1301/A130101/13099859/,"銀座一丁目車站 / 日本料理, 日式點心, 咖啡店",3.53,-,"JPY 5,000 - JPY 5,999","JPY 3,000 - JPY 3,999"
391,ピエール・エルメ・パリ 伊勢丹新宿,https://tabelog.com/tw/tokyo/A1304/A130401/13025129/,"新宿三丁目車站 / 蛋糕, 馬卡龍, 西式甜點",3.53,-,"JPY 1,000 - JPY 1,999",-
392,LEXUS MEETS...,https://tabelog.com/tw/tokyo/A1301/A130102/13295348/,"日比谷車站 / 咖啡店, 日式甜點店, 刨冰",3.53,-,"JPY 2,000 - JPY 2,999","JPY 1,000 - JPY 1,999"
393,サンデーブランチ 下北沢店,https://tabelog.com/tw/tokyo/A1318/A131802/13004596/,"下北澤車站 / 咖啡店, 蛋糕, 鬆餅",3.53,-,"JPY 1,000 - JPY 1,999","JPY 1,000 - JPY 1,999"
394,氷おばけ,https://tabelog.com/tw/tokyo/A1304/A130401/13253369/,西武新宿車站 / 刨冰,3.53,"星期一, 星期五","JPY 1,000 - JPY 1,999","JPY 1,000 - JPY 1,999"
395,浅草 いづ美,https://tabelog.com/tw/tokyo/A1311/A131102/13033990/,"田原町車站 / 日式甜點店, 刨冰",3.53,-, - JPY 999, - JPY 999
396,和栗モンブラン専門店 栗りん 日本橋コレド室町店,https://tabelog.com/tw/tokyo/A1302/A130202/13274597/,三越前車站 / 蛋糕,3.53,-,"JPY 1,000 - JPY 1,999","JPY 1,000 - JPY 1,999"
397,ともえ庵,https://tabelog.com/tw/tokyo/A1319/A131905/13175210/,"阿佐谷車站 / 鯛魚燒・大判燒, 刨冰",3.53,-, - JPY 999,-
398,代官山パンケーキカフェClover's,https://tabelog.com/tw/tokyo/A1303/A130303/13049570/,"代官山車站 / 咖啡店, 蛋糕, 鬆餅",3.53,星期三,"JPY 1,000 - JPY 1,999", - JPY 999
399,ココリス,https://tabelog.com/tw/tokyo/A1302/A130201/13249518/,東京車站 / 西式甜點,3.53,-,"JPY 1,000 - JPY 1,999",-
