,TrainNumber,DepartureDate,DepartureTime,DestinationTime,DestinationDate,Duration,NonReservedCar,IsNonReservedDesignated,Discount,Note,Sequence,StationInfo,IsCrossNight,RunDate,DepartureTime_Order,DestinationTime_Order,DiscountWord
0,0803,,06:15,08:40,,02:25,9-12,False,[],,0,"[{'StationNo': '01', 'StationName': '南港', 'DepartureTime': '06:15', 'Show': True, 'ColorClass': 'orange'}, {'StationNo': '02', 'StationName': '台北', 'DepartureTime': '06:26', 'Show': True, 'ColorClass': 'purple'}, {'StationNo': '03', 'StationName': '板橋', 'DepartureTime': '06:34', 'Show': True, 'ColorClass': 'dark_green'}, {'StationNo': '04', 'StationName': '桃園', 'DepartureTime': '06:49', 'Show': True, 'ColorClass': 'light_green'}, {'StationNo': '05', 'StationName': '新竹', 'DepartureTime': '07:02', 'Show': True, 'ColorClass': 'gray'}, {'StationNo': '06', 'StationName': '苗栗', 'DepartureTime': '07:13', 'Show': True, 'ColorClass': 'sky_blue'}, {'StationNo': '07', 'StationName': '台中', 'DepartureTime': '07:32', 'Show': True, 'ColorClass': 'pink'}, {'StationNo': '08', 'StationName': '彰化', 'DepartureTime': '07:45', 'Show': True, 'ColorClass': 'red'}, {'StationNo': '09', 'StationName': '雲林', 'DepartureTime': '07:56', 'Show': True, 'ColorClass': 'dark_blue'}, {'StationNo': '10', 'StationName': '嘉義', 'DepartureTime': '08:10', 'Show': True, 'ColorClass': 'yellow'}, {'StationNo': '11', 'StationName': '台南', 'DepartureTime': '08:28', 'Show': True, 'ColorClass': 'brown'}, {'StationNo': '12', 'StationName': '左營', 'DepartureTime': '08:40', 'Show': True, 'ColorClass': 'blue'}]",False,2025/12/22,06:15,08:40,
1,1103,,06:35,08:20,,01:45,10-12,False,[],,1,"[{'StationNo': '01', 'StationName': '南港', 'DepartureTime': '06:35', 'Show': True, 'ColorClass': 'orange'}, {'StationNo': '02', 'StationName': '台北', 'DepartureTime': '06:46', 'Show': True, 'ColorClass': 'purple'}, {'StationNo': '03', 'StationName': '板橋', 'DepartureTime': '06:54', 'Show': True, 'ColorClass': 'dark_green'}, {'StationNo': '04', 'StationName': '桃園', 'DepartureTime': '', 'Show': False, 'ColorClass': 'light_green'}, {'StationNo': '05', 'StationName': '新竹', 'DepartureTime': '', 'Show': False, 'ColorClass': 'gray'}, {'StationNo': '06', 'StationName': '苗栗', 'DepartureTime': '', 'Show': False, 'ColorClass': 'sky_blue'}, {'StationNo': '07', 'StationName': '台中', 'DepartureTime': '07:35', 'Show': True, 'ColorClass': 'pink'}, {'StationNo': '08', 'StationName': '彰化', 'DepartureTime': '', 'Show': False, 'ColorClass': 'red'}, {'StationNo': '09', 'StationName': '雲林', 'DepartureTime': '', 'Show': False, 'ColorClass': 'dark_blue'}, {'StationNo': '10', 'StationName': '嘉義', 'DepartureTime': '', 'Show': False, 'ColorClass': 'yellow'}, {'StationNo': '11', 'StationName': '台南', 'DepartureTime': '', 'Show': False, 'ColorClass': 'brown'}, {'StationNo': '12', 'StationName': '左營', 'DepartureTime': '08:20', 'Show': True, 'ColorClass': 'blue'}]",False,2025/12/22,06:35,08:20,
2,0603,,06:40,08:50,,02:10,9-12,False,[],,2,"[{'StationNo': '01', 'StationName': '南港', 'DepartureTime': '06:40', 'Show': True, 'ColorClass': 'orange'}, {'StationNo': '02', 'StationName': '台北', 'DepartureTime': '06:51', 'Show': True, 'ColorClass': 'purple'}, {'StationNo': '03', 'StationName': '板橋', 'DepartureTime': '07:00', 'Show': True, 'ColorClass': 'dark_green'}, {'StationNo': '04', 'StationName': '桃園', 'DepartureTime': '07:15', 'Show': True, 'ColorClass': 'light_green'}, {'StationNo': '05', 'StationName': '新竹', 'DepartureTime': '07:27', 'Show': True, 'ColorClass': 'gray'}, {'StationNo': '06', 'StationName': '苗栗', 'DepartureTime': '', 'Show': False, 'ColorClass': 'sky_blue'}, {'StationNo': '07', 'StationName': '台中', 'DepartureTime': '07:53', 'Show': True, 'ColorClass': 'pink'}, {'StationNo': '08', 'StationName': '彰化', 'DepartureTime': '', 'Show': False, 'ColorClass': 'red'}, {'StationNo': '09', 'StationName': '雲林', 'DepartureTime': '', 'Show': False, 'ColorClass': 'dark_blue'}, {'StationNo': '10', 'StationName': '嘉義', 'DepartureTime': '08:19', 'Show': True, 'ColorClass': 'yellow'}, {'StationNo': '11', 'StationName': '台南', 'DepartureTime': '08:38', 'Show': True, 'ColorClass': 'brown'}, {'StationNo': '12', 'StationName': '左營', 'DepartureTime': '08:50', 'Show': True, 'ColorClass': 'blue'}]",False,2025/12/22,06:40,08:50,
3,0805,,07:00,09:25,,02:25,9-12,False,[],,3,"[{'StationNo': '01', 'StationName': '南港', 'DepartureTime': '07:00', 'Show': True, 'ColorClass': 'orange'}, {'StationNo': '02', 'StationName': '台北', 'DepartureTime': '07:11', 'Show': True, 'ColorClass': 'purple'}, {'StationNo': '03', 'StationName': '板橋', 'DepartureTime': '07:19', 'Show': True, 'ColorClass': 'dark_green'}, {'StationNo': '04', 'StationName': '桃園', 'DepartureTime': '07:34', 'Show': True, 'ColorClass': 'light_green'}, {'StationNo': '05', 'StationName': '新竹', 'DepartureTime': '07:47', 'Show': True, 'ColorClass': 'gray'}, {'StationNo': '06', 'StationName': '苗栗', 'DepartureTime': '07:58', 'Show': True, 'ColorClass': 'sky_blue'}, {'StationNo': '07', 'StationName': '台中', 'DepartureTime': '08:17', 'Show': True, 'ColorClass': 'pink'}, {'StationNo': '08', 'StationName': '彰化', 'DepartureTime': '08:30', 'Show': True, 'ColorClass': 'red'}, {'StationNo': '09', 'StationName': '雲林', 'DepartureTime': '08:41', 'Show': True, 'ColorClass': 'dark_blue'}, {'StationNo': '10', 'StationName': '嘉義', 'DepartureTime': '08:55', 'Show': True, 'ColorClass': 'yellow'}, {'StationNo': '11', 'StationName': '台南', 'DepartureTime': '09:13', 'Show': True, 'ColorClass': 'brown'}, {'StationNo': '12', 'StationName': '左營', 'DepartureTime': '09:25', 'Show': True, 'ColorClass': 'blue'}]",False,2025/12/22,07:00,09:25,
4,0109,,07:20,09:05,,01:45,10-12,False,[],,4,"[{'StationNo': '01', 'StationName': '南港', 'DepartureTime': '07:20', 'Show': True, 'ColorClass': 'orange'}, {'StationNo': '02', 'StationName': '台北', 'DepartureTime': '07:31', 'Show': True, 'ColorClass': 'purple'}, {'StationNo': '03', 'StationName': '板橋', 'DepartureTime': '07:39', 'Show': True, 'ColorClass': 'dark_green'}, {'StationNo': '04', 'StationName': '桃園', 'DepartureTime': '', 'Show': False, 'ColorClass': 'light_green'}, {'StationNo': '05', 'StationName': '新竹', 'DepartureTime': '', 'Show': False, 'ColorClass': 'gray'}, {'StationNo': '06', 'StationName': '苗栗', 'DepartureTime': '', 'Show': False, 'ColorClass': 'sky_blue'}, {'StationNo': '07', 'StationName': '台中', 'DepartureTime': '08:20', 'Show': True, 'ColorClass': 'pink'}, {'StationNo': '08', 'StationName': '彰化', 'DepartureTime': '', 'Show': False, 'ColorClass': 'red'}, {'StationNo': '09', 'StationName': '雲林', 'DepartureTime': '', 'Show': False, 'ColorClass': 'dark_blue'}, {'StationNo': '10', 'StationName': '嘉義', 'DepartureTime': '', 'Show': False, 'ColorClass': 'yellow'}, {'StationNo': '11', 'StationName': '台南', 'DepartureTime': '', 'Show': False, 'ColorClass': 'brown'}, {'StationNo': '12', 'StationName': '左營', 'DepartureTime': '09:05', 'Show': True, 'ColorClass': 'blue'}]",False,2025/12/22,07:20,09:05,
5,0609,,07:35,09:45,,02:10,9-12,False,[],,5,"[{'StationNo': '01', 'StationName': '南港', 'DepartureTime': '07:35', 'Show': True, 'ColorClass': 'orange'}, {'StationNo': '02', 'StationName': '台北', 'DepartureTime': '07:46', 'Show': True, 'ColorClass': 'purple'}, {'StationNo': '03', 'StationName': '板橋', 'DepartureTime': '07:55', 'Show': True, 'ColorClass': 'dark_green'}, {'StationNo': '04', 'StationName': '桃園', 'DepartureTime': '08:10', 'Show': True, 'ColorClass': 'light_green'}, {'StationNo': '05', 'StationName': '新竹', 'DepartureTime': '08:22', 'Show': True, 'ColorClass': 'gray'}, {'StationNo': '06', 'StationName': '苗栗', 'DepartureTime': '', 'Show': False, 'ColorClass': 'sky_blue'}, {'StationNo': '07', 'StationName': '台中', 'DepartureTime': '08:48', 'Show': True, 'ColorClass': 'pink'}, {'StationNo': '08', 'StationName': '彰化', 'DepartureTime': '', 'Show': False, 'ColorClass': 'red'}, {'StationNo': '09', 'StationName': '雲林', 'DepartureTime': '', 'Show': False, 'ColorClass': 'dark_blue'}, {'StationNo': '10', 'StationName': '嘉義', 'DepartureTime': '09:14', 'Show': True, 'ColorClass': 'yellow'}, {'StationNo': '11', 'StationName': '台南', 'DepartureTime': '09:33', 'Show': True, 'ColorClass': 'brown'}, {'StationNo': '12', 'StationName': '左營', 'DepartureTime': '09:45', 'Show': True, 'ColorClass': 'blue'}]",False,2025/12/22,07:35,09:45,
6,0205,,07:40,09:30,,01:50,10-12,False,[],,6,"[{'StationNo': '01', 'StationName': '南港', 'DepartureTime': '07:40', 'Show': True, 'ColorClass': 'orange'}, {'StationNo': '02', 'StationName': '台北', 'DepartureTime': '07:51', 'Show': True, 'ColorClass': 'purple'}, {'StationNo': '03', 'StationName': '板橋', 'DepartureTime': '07:59', 'Show': True, 'ColorClass': 'dark_green'}, {'StationNo': '04', 'StationName': '桃園', 'DepartureTime': '', 'Show': False, 'ColorClass': 'light_green'}, {'StationNo': '05', 'StationName': '新竹', 'DepartureTime': '', 'Show': False, 'ColorClass': 'gray'}, {'StationNo': '06', 'StationName': '苗栗', 'DepartureTime': '', 'Show': False, 'ColorClass': 'sky_blue'}, {'StationNo': '07', 'StationName': '台中', 'DepartureTime': '08:40', 'Show': True, 'ColorClass': 'pink'}, {'StationNo': '08', 'StationName': '彰化', 'DepartureTime': '', 'Show': False, 'ColorClass': 'red'}, {'StationNo': '09', 'StationName': '雲林', 'DepartureTime': '', 'Show': False, 'ColorClass': 'dark_blue'}, {'StationNo': '10', 'StationName': '嘉義', 'DepartureTime': '', 'Show': False, 'ColorClass': 'yellow'}, {'StationNo': '11', 'StationName': '台南', 'DepartureTime': '09:18', 'Show': True, 'ColorClass': 'brown'}, {'StationNo': '12', 'StationName': '左營', 'DepartureTime': '09:30', 'Show': True, 'ColorClass': 'blue'}]",False,2025/12/22,07:40,09:30,
7,1305,,07:50,10:00,,02:10,10-12,False,[],,7,"[{'StationNo': '01', 'StationName': '南港', 'DepartureTime': '07:50', 'Show': True, 'ColorClass': 'orange'}, {'StationNo': '02', 'StationName': '台北', 'DepartureTime': '08:01', 'Show': True, 'ColorClass': 'purple'}, {'StationNo': '03', 'StationName': '板橋', 'DepartureTime': '', 'Show': False, 'ColorClass': 'dark_green'}, {'StationNo': '04', 'StationName': '桃園', 'DepartureTime': '08:20', 'Show': True, 'ColorClass': 'light_green'}, {'StationNo': '05', 'StationName': '新竹', 'DepartureTime': '', 'Show': False, 'ColorClass': 'gray'}, {'StationNo': '06', 'StationName': '苗栗', 'DepartureTime': '', 'Show': False, 'ColorClass': 'sky_blue'}, {'StationNo': '07', 'StationName': '台中', 'DepartureTime': '08:54', 'Show': True, 'ColorClass': 'pink'}, {'StationNo': '08', 'StationName': '彰化', 'DepartureTime': '09:06', 'Show': True, 'ColorClass': 'red'}, {'StationNo': '09', 'StationName': '雲林', 'DepartureTime': '09:17', 'Show': True, 'ColorClass': 'dark_blue'}, {'StationNo': '10', 'StationName': '嘉義', 'DepartureTime': '09:29', 'Show': True, 'ColorClass': 'yellow'}, {'StationNo': '11', 'StationName': '台南', 'DepartureTime': '09:47', 'Show': True, 'ColorClass': 'brown'}, {'StationNo': '12', 'StationName': '左營', 'DepartureTime': '10:00', 'Show': True, 'ColorClass': 'blue'}]",False,2025/12/22,07:50,10:00,
8,0809,,08:00,10:25,,02:25,9-12,False,[],,8,"[{'StationNo': '01', 'StationName': '南港', 'DepartureTime': '08:00', 'Show': True, 'ColorClass': 'orange'}, {'StationNo': '02', 'StationName': '台北', 'DepartureTime': '08:11', 'Show': True, 'ColorClass': 'purple'}, {'StationNo': '03', 'StationName': '板橋', 'DepartureTime': '08:19', 'Show': True, 'ColorClass': 'dark_green'}, {'StationNo': '04', 'StationName': '桃園', 'DepartureTime': '08:34', 'Show': True, 'ColorClass': 'light_green'}, {'StationNo': '05', 'StationName': '新竹', 'DepartureTime': '08:47', 'Show': True, 'ColorClass': 'gray'}, {'StationNo': '06', 'StationName': '苗栗', 'DepartureTime': '08:58', 'Show': True, 'ColorClass': 'sky_blue'}, {'StationNo': '07', 'StationName': '台中', 'DepartureTime': '09:17', 'Show': True, 'ColorClass': 'pink'}, {'StationNo': '08', 'StationName': '彰化', 'DepartureTime': '09:30', 'Show': True, 'ColorClass': 'red'}, {'StationNo': '09', 'StationName': '雲林', 'DepartureTime': '09:41', 'Show': True, 'ColorClass': 'dark_blue'}, {'StationNo': '10', 'StationName': '嘉義', 'DepartureTime': '09:55', 'Show': True, 'ColorClass': 'yellow'}, {'StationNo': '11', 'StationName': '台南', 'DepartureTime': '10:13', 'Show': True, 'ColorClass': 'brown'}, {'StationNo': '12', 'StationName': '左營', 'DepartureTime': '10:25', 'Show': True, 'ColorClass': 'blue'}]",False,2025/12/22,08:00,10:25,
9,0613,,08:10,10:20,,02:10,9-12,False,[],,9,"[{'StationNo': '01', 'StationName': '南港', 'DepartureTime': '08:10', 'Show': True, 'ColorClass': 'orange'}, {'StationNo': '02', 'StationName': '台北', 'DepartureTime': '08:21', 'Show': True, 'ColorClass': 'purple'}, {'StationNo': '03', 'StationName': '板橋', 'DepartureTime': '08:29', 'Show': True, 'ColorClass': 'dark_green'}, {'StationNo': '04', 'StationName': '桃園', 'DepartureTime': '08:43', 'Show': True, 'ColorClass': 'light_green'}, {'StationNo': '05', 'StationName': '新竹', 'DepartureTime': '08:56', 'Show': True, 'ColorClass': 'gray'}, {'StationNo': '06', 'StationName': '苗栗', 'DepartureTime': '', 'Show': False, 'ColorClass': 'sky_blue'}, {'StationNo': '07', 'StationName': '台中', 'DepartureTime': '09:25', 'Show': True, 'ColorClass': 'pink'}, {'StationNo': '08', 'StationName': '彰化', 'DepartureTime': '', 'Show': False, 'ColorClass': 'red'}, {'StationNo': '09', 'StationName': '雲林', 'DepartureTime': '', 'Show': False, 'ColorClass': 'dark_blue'}, {'StationNo': '10', 'StationName': '嘉義', 'DepartureTime': '09:50', 'Show': True, 'ColorClass': 'yellow'}, {'StationNo': '11', 'StationName': '台南', 'DepartureTime': '10:07', 'Show': True, 'ColorClass': 'brown'}, {'StationNo': '12', 'StationName': '左營', 'DepartureTime': '10:20', 'Show': True, 'ColorClass': 'blue'}]",False,2025/12/22,08:10,10:20,
10,0207,,08:20,10:10,,01:50,10-12,False,[],,10,"[{'StationNo': '01', 'StationName': '南港', 'DepartureTime': '08:20', 'Show': True, 'ColorClass': 'orange'}, {'StationNo': '02', 'StationName': '台北', 'DepartureTime': '08:31', 'Show': True, 'ColorClass': 'purple'}, {'StationNo': '03', 'StationName': '板橋', 'DepartureTime': '08:39', 'Show': True, 'ColorClass': 'dark_green'}, {'StationNo': '04', 'StationName': '桃園', 'DepartureTime': '', 'Show': False, 'ColorClass': 'light_green'}, {'StationNo': '05', 'StationName': '新竹', 'DepartureTime': '', 'Show': False, 'ColorClass': 'gray'}, {'StationNo': '06', 'StationName': '苗栗', 'DepartureTime': '', 'Show': False, 'ColorClass': 'sky_blue'}, {'StationNo': '07', 'StationName': '台中', 'DepartureTime': '09:20', 'Show': True, 'ColorClass': 'pink'}, {'StationNo': '08', 'StationName': '彰化', 'DepartureTime': '', 'Show': False, 'ColorClass': 'red'}, {'StationNo': '09', 'StationName': '雲林', 'DepartureTime': '', 'Show': False, 'ColorClass': 'dark_blue'}, {'StationNo': '10', 'StationName': '嘉義', 'DepartureTime': '', 'Show': False, 'ColorClass': 'yellow'}, {'StationNo': '11', 'StationName': '台南', 'DepartureTime': '09:58', 'Show': True, 'ColorClass': 'brown'}, {'StationNo': '12', 'StationName': '左營', 'DepartureTime': '10:10', 'Show': True, 'ColorClass': 'blue'}]",False,2025/12/22,08:20,10:10,
11,0615,,08:35,10:45,,02:10,9-12,False,[],,11,"[{'StationNo': '01', 'StationName': '南港', 'DepartureTime': '08:35', 'Show': True, 'ColorClass': 'orange'}, {'StationNo': '02', 'StationName': '台北', 'DepartureTime': '08:46', 'Show': True, 'ColorClass': 'purple'}, {'StationNo': '03', 'StationName': '板橋', 'DepartureTime': '08:55', 'Show': True, 'ColorClass': 'dark_green'}, {'StationNo': '04', 'StationName': '桃園', 'DepartureTime': '09:10', 'Show': True, 'ColorClass': 'light_green'}, {'StationNo': '05', 'StationName': '新竹', 'DepartureTime': '09:22', 'Show': True, 'ColorClass': 'gray'}, {'StationNo': '06', 'StationName': '苗栗', 'DepartureTime': '', 'Show': False, 'ColorClass': 'sky_blue'}, {'StationNo': '07', 'StationName': '台中', 'DepartureTime': '09:48', 'Show': True, 'ColorClass': 'pink'}, {'StationNo': '08', 'StationName': '彰化', 'DepartureTime': '', 'Show': False, 'ColorClass': 'red'}, {'StationNo': '09', 'StationName': '雲林', 'DepartureTime': '', 'Show': False, 'ColorClass': 'dark_blue'}, {'StationNo': '10', 'StationName': '嘉義', 'DepartureTime': '10:14', 'Show': True, 'ColorClass': 'yellow'}, {'StationNo': '11', 'StationName': '台南', 'DepartureTime': '10:33', 'Show': True, 'ColorClass': 'brown'}, {'StationNo': '12', 'StationName': '左營', 'DepartureTime': '10:45', 'Show': True, 'ColorClass': 'blue'}]",False,2025/12/22,08:35,10:45,
12,1209,,08:40,10:30,,01:50,10-12,False,[],,12,"[{'StationNo': '01', 'StationName': '南港', 'DepartureTime': '08:40', 'Show': True, 'ColorClass': 'orange'}, {'StationNo': '02', 'StationName': '台北', 'DepartureTime': '08:51', 'Show': True, 'ColorClass': 'purple'}, {'StationNo': '03', 'StationName': '板橋', 'DepartureTime': '08:59', 'Show': True, 'ColorClass': 'dark_green'}, {'StationNo': '04', 'StationName': '桃園', 'DepartureTime': '', 'Show': False, 'ColorClass': 'light_green'}, {'StationNo': '05', 'StationName': '新竹', 'DepartureTime': '', 'Show': False, 'ColorClass': 'gray'}, {'StationNo': '06', 'StationName': '苗栗', 'DepartureTime': '', 'Show': False, 'ColorClass': 'sky_blue'}, {'StationNo': '07', 'StationName': '台中', 'DepartureTime': '09:40', 'Show': True, 'ColorClass': 'pink'}, {'StationNo': '08', 'StationName': '彰化', 'DepartureTime': '', 'Show': False, 'ColorClass': 'red'}, {'StationNo': '09', 'StationName': '雲林', 'DepartureTime': '', 'Show': False, 'ColorClass': 'dark_blue'}, {'StationNo': '10', 'StationName': '嘉義', 'DepartureTime': '', 'Show': False, 'ColorClass': 'yellow'}, {'StationNo': '11', 'StationName': '台南', 'DepartureTime': '10:18', 'Show': True, 'ColorClass': 'brown'}, {'StationNo': '12', 'StationName': '左營', 'DepartureTime': '10:30', 'Show': True, 'ColorClass': 'blue'}]",False,2025/12/22,08:40,10:30,
13,0813,,09:00,11:25,,02:25,10-12,False,[],,13,"[{'StationNo': '01', 'StationName': '南港', 'DepartureTime': '09:00', 'Show': True, 'ColorClass': 'orange'}, {'StationNo': '02', 'StationName': '台北', 'DepartureTime': '09:11', 'Show': True, 'ColorClass': 'purple'}, {'StationNo': '03', 'StationName': '板橋', 'DepartureTime': '09:19', 'Show': True, 'ColorClass': 'dark_green'}, {'StationNo': '04', 'StationName': '桃園', 'DepartureTime': '09:34', 'Show': True, 'ColorClass': 'light_green'}, {'StationNo': '05', 'StationName': '新竹', 'DepartureTime': '09:47', 'Show': True, 'ColorClass': 'gray'}, {'StationNo': '06', 'StationName': '苗栗', 'DepartureTime': '09:58', 'Show': True, 'ColorClass': 'sky_blue'}, {'StationNo': '07', 'StationName': '台中', 'DepartureTime': '10:17', 'Show': True, 'ColorClass': 'pink'}, {'StationNo': '08', 'StationName': '彰化', 'DepartureTime': '10:30', 'Show': True, 'ColorClass': 'red'}, {'StationNo': '09', 'StationName': '雲林', 'DepartureTime': '10:41', 'Show': True, 'ColorClass': 'dark_blue'}, {'StationNo': '10', 'StationName': '嘉義', 'DepartureTime': '10:55', 'Show': True, 'ColorClass': 'yellow'}, {'StationNo': '11', 'StationName': '台南', 'DepartureTime': '11:13', 'Show': True, 'ColorClass': 'brown'}, {'StationNo': '12', 'StationName': '左營', 'DepartureTime': '11:25', 'Show': True, 'ColorClass': 'blue'}]",False,2025/12/22,09:00,11:25,
14,0619,,09:10,11:20,,02:10,10-12,False,[],,14,"[{'StationNo': '01', 'StationName': '南港', 'DepartureTime': '09:10', 'Show': True, 'ColorClass': 'orange'}, {'StationNo': '02', 'StationName': '台北', 'DepartureTime': '09:21', 'Show': True, 'ColorClass': 'purple'}, {'StationNo': '03', 'StationName': '板橋', 'DepartureTime': '09:29', 'Show': True, 'ColorClass': 'dark_green'}, {'StationNo': '04', 'StationName': '桃園', 'DepartureTime': '09:43', 'Show': True, 'ColorClass': 'light_green'}, {'StationNo': '05', 'StationName': '新竹', 'DepartureTime': '09:56', 'Show': True, 'ColorClass': 'gray'}, {'StationNo': '06', 'StationName': '苗栗', 'DepartureTime': '', 'Show': False, 'ColorClass': 'sky_blue'}, {'StationNo': '07', 'StationName': '台中', 'DepartureTime': '10:25', 'Show': True, 'ColorClass': 'pink'}, {'StationNo': '08', 'StationName': '彰化', 'DepartureTime': '', 'Show': False, 'ColorClass': 'red'}, {'StationNo': '09', 'StationName': '雲林', 'DepartureTime': '', 'Show': False, 'ColorClass': 'dark_blue'}, {'StationNo': '10', 'StationName': '嘉義', 'DepartureTime': '10:50', 'Show': True, 'ColorClass': 'yellow'}, {'StationNo': '11', 'StationName': '台南', 'DepartureTime': '11:07', 'Show': True, 'ColorClass': 'brown'}, {'StationNo': '12', 'StationName': '左營', 'DepartureTime': '11:20', 'Show': True, 'ColorClass': 'blue'}]",False,2025/12/22,09:10,11:20,
15,0117,,09:20,11:05,,01:45,10-12,False,[],,15,"[{'StationNo': '01', 'StationName': '南港', 'DepartureTime': '09:20', 'Show': True, 'ColorClass': 'orange'}, {'StationNo': '02', 'StationName': '台北', 'DepartureTime': '09:31', 'Show': True, 'ColorClass': 'purple'}, {'StationNo': '03', 'StationName': '板橋', 'DepartureTime': '09:39', 'Show': True, 'ColorClass': 'dark_green'}, {'StationNo': '04', 'StationName': '桃園', 'DepartureTime': '', 'Show': False, 'ColorClass': 'light_green'}, {'StationNo': '05', 'StationName': '新竹', 'DepartureTime': '', 'Show': False, 'ColorClass': 'gray'}, {'StationNo': '06', 'StationName': '苗栗', 'DepartureTime': '', 'Show': False, 'ColorClass': 'sky_blue'}, {'StationNo': '07', 'StationName': '台中', 'DepartureTime': '10:20', 'Show': True, 'ColorClass': 'pink'}, {'StationNo': '08', 'StationName': '彰化', 'DepartureTime': '', 'Show': False, 'ColorClass': 'red'}, {'StationNo': '09', 'StationName': '雲林', 'DepartureTime': '', 'Show': False, 'ColorClass': 'dark_blue'}, {'StationNo': '10', 'StationName': '嘉義', 'DepartureTime': '', 'Show': False, 'ColorClass': 'yellow'}, {'StationNo': '11', 'StationName': '台南', 'DepartureTime': '', 'Show': False, 'ColorClass': 'brown'}, {'StationNo': '12', 'StationName': '左營', 'DepartureTime': '11:05', 'Show': True, 'ColorClass': 'blue'}]",False,2025/12/22,09:20,11:05,
16,0621,,09:35,11:45,,02:10,10-12,False,[],,16,"[{'StationNo': '01', 'StationName': '南港', 'DepartureTime': '09:35', 'Show': True, 'ColorClass': 'orange'}, {'StationNo': '02', 'StationName': '台北', 'DepartureTime': '09:46', 'Show': True, 'ColorClass': 'purple'}, {'StationNo': '03', 'StationName': '板橋', 'DepartureTime': '09:55', 'Show': True, 'ColorClass': 'dark_green'}, {'StationNo': '04', 'StationName': '桃園', 'DepartureTime': '10:10', 'Show': True, 'ColorClass': 'light_green'}, {'StationNo': '05', 'StationName': '新竹', 'DepartureTime': '10:22', 'Show': True, 'ColorClass': 'gray'}, {'StationNo': '06', 'StationName': '苗栗', 'DepartureTime': '', 'Show': False, 'ColorClass': 'sky_blue'}, {'StationNo': '07', 'StationName': '台中', 'DepartureTime': '10:48', 'Show': True, 'ColorClass': 'pink'}, {'StationNo': '08', 'StationName': '彰化', 'DepartureTime': '', 'Show': False, 'ColorClass': 'red'}, {'StationNo': '09', 'StationName': '雲林', 'DepartureTime': '', 'Show': False, 'ColorClass': 'dark_blue'}, {'StationNo': '10', 'StationName': '嘉義', 'DepartureTime': '11:14', 'Show': True, 'ColorClass': 'yellow'}, {'StationNo': '11', 'StationName': '台南', 'DepartureTime': '11:33', 'Show': True, 'ColorClass': 'brown'}, {'StationNo': '12', 'StationName': '左營', 'DepartureTime': '11:45', 'Show': True, 'ColorClass': 'blue'}]",False,2025/12/22,09:35,11:45,
17,1213,,09:40,11:30,,01:50,10-12,False,[],,17,"[{'StationNo': '01', 'StationName': '南港', 'DepartureTime': '09:40', 'Show': True, 'ColorClass': 'orange'}, {'StationNo': '02', 'StationName': '台北', 'DepartureTime': '09:51', 'Show': True, 'ColorClass': 'purple'}, {'StationNo': '03', 'StationName': '板橋', 'DepartureTime': '09:59', 'Show': True, 'ColorClass': 'dark_green'}, {'StationNo': '04', 'StationName': '桃園', 'DepartureTime': '', 'Show': False, 'ColorClass': 'light_green'}, {'StationNo': '05', 'StationName': '新竹', 'DepartureTime': '', 'Show': False, 'ColorClass': 'gray'}, {'StationNo': '06', 'StationName': '苗栗', 'DepartureTime': '', 'Show': False, 'ColorClass': 'sky_blue'}, {'StationNo': '07', 'StationName': '台中', 'DepartureTime': '10:40', 'Show': True, 'ColorClass': 'pink'}, {'StationNo': '08', 'StationName': '彰化', 'DepartureTime': '', 'Show': False, 'ColorClass': 'red'}, {'StationNo': '09', 'StationName': '雲林', 'DepartureTime': '', 'Show': False, 'ColorClass': 'dark_blue'}, {'StationNo': '10', 'StationName': '嘉義', 'DepartureTime': '', 'Show': False, 'ColorClass': 'yellow'}, {'StationNo': '11', 'StationName': '台南', 'DepartureTime': '11:18', 'Show': True, 'ColorClass': 'brown'}, {'StationNo': '12', 'StationName': '左營', 'DepartureTime': '11:30', 'Show': True, 'ColorClass': 'blue'}]",False,2025/12/22,09:40,11:30,
18,0817,,10:00,12:25,,02:25,10-12,False,[],,18,"[{'StationNo': '01', 'StationName': '南港', 'DepartureTime': '10:00', 'Show': True, 'ColorClass': 'orange'}, {'StationNo': '02', 'StationName': '台北', 'DepartureTime': '10:11', 'Show': True, 'ColorClass': 'purple'}, {'StationNo': '03', 'StationName': '板橋', 'DepartureTime': '10:19', 'Show': True, 'ColorClass': 'dark_green'}, {'StationNo': '04', 'StationName': '桃園', 'DepartureTime': '10:34', 'Show': True, 'ColorClass': 'light_green'}, {'StationNo': '05', 'StationName': '新竹', 'DepartureTime': '10:47', 'Show': True, 'ColorClass': 'gray'}, {'StationNo': '06', 'StationName': '苗栗', 'DepartureTime': '10:58', 'Show': True, 'ColorClass': 'sky_blue'}, {'StationNo': '07', 'StationName': '台中', 'DepartureTime': '11:17', 'Show': True, 'ColorClass': 'pink'}, {'StationNo': '08', 'StationName': '彰化', 'DepartureTime': '11:30', 'Show': True, 'ColorClass': 'red'}, {'StationNo': '09', 'StationName': '雲林', 'DepartureTime': '11:41', 'Show': True, 'ColorClass': 'dark_blue'}, {'StationNo': '10', 'StationName': '嘉義', 'DepartureTime': '11:55', 'Show': True, 'ColorClass': 'yellow'}, {'StationNo': '11', 'StationName': '台南', 'DepartureTime': '12:13', 'Show': True, 'ColorClass': 'brown'}, {'StationNo': '12', 'StationName': '左營', 'DepartureTime': '12:25', 'Show': True, 'ColorClass': 'blue'}]",False,2025/12/22,10:00,12:25,
19,0625,,10:10,12:20,,02:10,10-12,False,[],,19,"[{'StationNo': '01', 'StationName': '南港', 'DepartureTime': '10:10', 'Show': True, 'ColorClass': 'orange'}, {'StationNo': '02', 'StationName': '台北', 'DepartureTime': '10:21', 'Show': True, 'ColorClass': 'purple'}, {'StationNo': '03', 'StationName': '板橋', 'DepartureTime': '10:29', 'Show': True, 'ColorClass': 'dark_green'}, {'StationNo': '04', 'StationName': '桃園', 'DepartureTime': '10:43', 'Show': True, 'ColorClass': 'light_green'}, {'StationNo': '05', 'StationName': '新竹', 'DepartureTime': '10:56', 'Show': True, 'ColorClass': 'gray'}, {'StationNo': '06', 'StationName': '苗栗', 'DepartureTime': '', 'Show': False, 'ColorClass': 'sky_blue'}, {'StationNo': '07', 'StationName': '台中', 'DepartureTime': '11:25', 'Show': True, 'ColorClass': 'pink'}, {'StationNo': '08', 'StationName': '彰化', 'DepartureTime': '', 'Show': False, 'ColorClass': 'red'}, {'StationNo': '09', 'StationName': '雲林', 'DepartureTime': '', 'Show': False, 'ColorClass': 'dark_blue'}, {'StationNo': '10', 'StationName': '嘉義', 'DepartureTime': '11:50', 'Show': True, 'ColorClass': 'yellow'}, {'StationNo': '11', 'StationName': '台南', 'DepartureTime': '12:07', 'Show': True, 'ColorClass': 'brown'}, {'StationNo': '12', 'StationName': '左營', 'DepartureTime': '12:20', 'Show': True, 'ColorClass': 'blue'}]",False,2025/12/22,10:10,12:20,
20,0121,,10:20,12:05,,01:45,10-12,False,[],,20,"[{'StationNo': '01', 'StationName': '南港', 'DepartureTime': '10:20', 'Show': True, 'ColorClass': 'orange'}, {'StationNo': '02', 'StationName': '台北', 'DepartureTime': '10:31', 'Show': True, 'ColorClass': 'purple'}, {'StationNo': '03', 'StationName': '板橋', 'DepartureTime': '10:39', 'Show': True, 'ColorClass': 'dark_green'}, {'StationNo': '04', 'StationName': '桃園', 'DepartureTime': '', 'Show': False, 'ColorClass': 'light_green'}, {'StationNo': '05', 'StationName': '新竹', 'DepartureTime': '', 'Show': False, 'ColorClass': 'gray'}, {'StationNo': '06', 'StationName': '苗栗', 'DepartureTime': '', 'Show': False, 'ColorClass': 'sky_blue'}, {'StationNo': '07', 'StationName': '台中', 'DepartureTime': '11:20', 'Show': True, 'ColorClass': 'pink'}, {'StationNo': '08', 'StationName': '彰化', 'DepartureTime': '', 'Show': False, 'ColorClass': 'red'}, {'StationNo': '09', 'StationName': '雲林', 'DepartureTime': '', 'Show': False, 'ColorClass': 'dark_blue'}, {'StationNo': '10', 'StationName': '嘉義', 'DepartureTime': '', 'Show': False, 'ColorClass': 'yellow'}, {'StationNo': '11', 'StationName': '台南', 'DepartureTime': '', 'Show': False, 'ColorClass': 'brown'}, {'StationNo': '12', 'StationName': '左營', 'DepartureTime': '12:05', 'Show': True, 'ColorClass': 'blue'}]",False,2025/12/22,10:20,12:05,
21,0627,,10:35,12:45,,02:10,10-12,False,[],,21,"[{'StationNo': '01', 'StationName': '南港', 'DepartureTime': '10:35', 'Show': True, 'ColorClass': 'orange'}, {'StationNo': '02', 'StationName': '台北', 'DepartureTime': '10:46', 'Show': True, 'ColorClass': 'purple'}, {'StationNo': '03', 'StationName': '板橋', 'DepartureTime': '10:55', 'Show': True, 'ColorClass': 'dark_green'}, {'StationNo': '04', 'StationName': '桃園', 'DepartureTime': '11:10', 'Show': True, 'ColorClass': 'light_green'}, {'StationNo': '05', 'StationName': '新竹', 'DepartureTime': '11:22', 'Show': True, 'ColorClass': 'gray'}, {'StationNo': '06', 'StationName': '苗栗', 'DepartureTime': '', 'Show': False, 'ColorClass': 'sky_blue'}, {'StationNo': '07', 'StationName': '台中', 'DepartureTime': '11:48', 'Show': True, 'ColorClass': 'pink'}, {'StationNo': '08', 'StationName': '彰化', 'DepartureTime': '', 'Show': False, 'ColorClass': 'red'}, {'StationNo': '09', 'StationName': '雲林', 'DepartureTime': '', 'Show': False, 'ColorClass': 'dark_blue'}, {'StationNo': '10', 'StationName': '嘉義', 'DepartureTime': '12:14', 'Show': True, 'ColorClass': 'yellow'}, {'StationNo': '11', 'StationName': '台南', 'DepartureTime': '12:33', 'Show': True, 'ColorClass': 'brown'}, {'StationNo': '12', 'StationName': '左營', 'DepartureTime': '12:45', 'Show': True, 'ColorClass': 'blue'}]",False,2025/12/22,10:35,12:45,
22,1311,,10:50,13:00,,02:10,10-12,False,[],,22,"[{'StationNo': '01', 'StationName': '南港', 'DepartureTime': '10:50', 'Show': True, 'ColorClass': 'orange'}, {'StationNo': '02', 'StationName': '台北', 'DepartureTime': '11:01', 'Show': True, 'ColorClass': 'purple'}, {'StationNo': '03', 'StationName': '板橋', 'DepartureTime': '', 'Show': False, 'ColorClass': 'dark_green'}, {'StationNo': '04', 'StationName': '桃園', 'DepartureTime': '11:20', 'Show': True, 'ColorClass': 'light_green'}, {'StationNo': '05', 'StationName': '新竹', 'DepartureTime': '', 'Show': False, 'ColorClass': 'gray'}, {'StationNo': '06', 'StationName': '苗栗', 'DepartureTime': '', 'Show': False, 'ColorClass': 'sky_blue'}, {'StationNo': '07', 'StationName': '台中', 'DepartureTime': '11:54', 'Show': True, 'ColorClass': 'pink'}, {'StationNo': '08', 'StationName': '彰化', 'DepartureTime': '12:06', 'Show': True, 'ColorClass': 'red'}, {'StationNo': '09', 'StationName': '雲林', 'DepartureTime': '12:17', 'Show': True, 'ColorClass': 'dark_blue'}, {'StationNo': '10', 'StationName': '嘉義', 'DepartureTime': '12:29', 'Show': True, 'ColorClass': 'yellow'}, {'StationNo': '11', 'StationName': '台南', 'DepartureTime': '12:47', 'Show': True, 'ColorClass': 'brown'}, {'StationNo': '12', 'StationName': '左營', 'DepartureTime': '13:00', 'Show': True, 'ColorClass': 'blue'}]",False,2025/12/22,10:50,13:00,
23,0821,,11:00,13:25,,02:25,10-12,False,[],,23,"[{'StationNo': '01', 'StationName': '南港', 'DepartureTime': '11:00', 'Show': True, 'ColorClass': 'orange'}, {'StationNo': '02', 'StationName': '台北', 'DepartureTime': '11:11', 'Show': True, 'ColorClass': 'purple'}, {'StationNo': '03', 'StationName': '板橋', 'DepartureTime': '11:19', 'Show': True, 'ColorClass': 'dark_green'}, {'StationNo': '04', 'StationName': '桃園', 'DepartureTime': '11:34', 'Show': True, 'ColorClass': 'light_green'}, {'StationNo': '05', 'StationName': '新竹', 'DepartureTime': '11:47', 'Show': True, 'ColorClass': 'gray'}, {'StationNo': '06', 'StationName': '苗栗', 'DepartureTime': '11:58', 'Show': True, 'ColorClass': 'sky_blue'}, {'StationNo': '07', 'StationName': '台中', 'DepartureTime': '12:17', 'Show': True, 'ColorClass': 'pink'}, {'StationNo': '08', 'StationName': '彰化', 'DepartureTime': '12:30', 'Show': True, 'ColorClass': 'red'}, {'StationNo': '09', 'StationName': '雲林', 'DepartureTime': '12:41', 'Show': True, 'ColorClass': 'dark_blue'}, {'StationNo': '10', 'StationName': '嘉義', 'DepartureTime': '12:55', 'Show': True, 'ColorClass': 'yellow'}, {'StationNo': '11', 'StationName': '台南', 'DepartureTime': '13:13', 'Show': True, 'ColorClass': 'brown'}, {'StationNo': '12', 'StationName': '左營', 'DepartureTime': '13:25', 'Show': True, 'ColorClass': 'blue'}]",False,2025/12/22,11:00,13:25,
24,1631,,11:10,13:20,,02:10,10-12,False,[],,24,"[{'StationNo': '01', 'StationName': '南港', 'DepartureTime': '11:10', 'Show': True, 'ColorClass': 'orange'}, {'StationNo': '02', 'StationName': '台北', 'DepartureTime': '11:21', 'Show': True, 'ColorClass': 'purple'}, {'StationNo': '03', 'StationName': '板橋', 'DepartureTime': '11:29', 'Show': True, 'ColorClass': 'dark_green'}, {'StationNo': '04', 'StationName': '桃園', 'DepartureTime': '11:43', 'Show': True, 'ColorClass': 'light_green'}, {'StationNo': '05', 'StationName': '新竹', 'DepartureTime': '11:56', 'Show': True, 'ColorClass': 'gray'}, {'StationNo': '06', 'StationName': '苗栗', 'DepartureTime': '', 'Show': False, 'ColorClass': 'sky_blue'}, {'StationNo': '07', 'StationName': '台中', 'DepartureTime': '12:25', 'Show': True, 'ColorClass': 'pink'}, {'StationNo': '08', 'StationName': '彰化', 'DepartureTime': '', 'Show': False, 'ColorClass': 'red'}, {'StationNo': '09', 'StationName': '雲林', 'DepartureTime': '', 'Show': False, 'ColorClass': 'dark_blue'}, {'StationNo': '10', 'StationName': '嘉義', 'DepartureTime': '12:50', 'Show': True, 'ColorClass': 'yellow'}, {'StationNo': '11', 'StationName': '台南', 'DepartureTime': '13:07', 'Show': True, 'ColorClass': 'brown'}, {'StationNo': '12', 'StationName': '左營', 'DepartureTime': '13:20', 'Show': True, 'ColorClass': 'blue'}]",False,2025/12/22,11:10,13:20,
25,0125,,11:20,13:05,,01:45,10-12,False,[],,25,"[{'StationNo': '01', 'StationName': '南港', 'DepartureTime': '11:20', 'Show': True, 'ColorClass': 'orange'}, {'StationNo': '02', 'StationName': '台北', 'DepartureTime': '11:31', 'Show': True, 'ColorClass': 'purple'}, {'StationNo': '03', 'StationName': '板橋', 'DepartureTime': '11:39', 'Show': True, 'ColorClass': 'dark_green'}, {'StationNo': '04', 'StationName': '桃園', 'DepartureTime': '', 'Show': False, 'ColorClass': 'light_green'}, {'StationNo': '05', 'StationName': '新竹', 'DepartureTime': '', 'Show': False, 'ColorClass': 'gray'}, {'StationNo': '06', 'StationName': '苗栗', 'DepartureTime': '', 'Show': False, 'ColorClass': 'sky_blue'}, {'StationNo': '07', 'StationName': '台中', 'DepartureTime': '12:20', 'Show': True, 'ColorClass': 'pink'}, {'StationNo': '08', 'StationName': '彰化', 'DepartureTime': '', 'Show': False, 'ColorClass': 'red'}, {'StationNo': '09', 'StationName': '雲林', 'DepartureTime': '', 'Show': False, 'ColorClass': 'dark_blue'}, {'StationNo': '10', 'StationName': '嘉義', 'DepartureTime': '', 'Show': False, 'ColorClass': 'yellow'}, {'StationNo': '11', 'StationName': '台南', 'DepartureTime': '', 'Show': False, 'ColorClass': 'brown'}, {'StationNo': '12', 'StationName': '左營', 'DepartureTime': '13:05', 'Show': True, 'ColorClass': 'blue'}]",False,2025/12/22,11:20,13:05,
26,0633,,11:35,13:45,,02:10,10-12,False,[],,26,"[{'StationNo': '01', 'StationName': '南港', 'DepartureTime': '11:35', 'Show': True, 'ColorClass': 'orange'}, {'StationNo': '02', 'StationName': '台北', 'DepartureTime': '11:46', 'Show': True, 'ColorClass': 'purple'}, {'StationNo': '03', 'StationName': '板橋', 'DepartureTime': '11:55', 'Show': True, 'ColorClass': 'dark_green'}, {'StationNo': '04', 'StationName': '桃園', 'DepartureTime': '12:10', 'Show': True, 'ColorClass': 'light_green'}, {'StationNo': '05', 'StationName': '新竹', 'DepartureTime': '12:22', 'Show': True, 'ColorClass': 'gray'}, {'StationNo': '06', 'StationName': '苗栗', 'DepartureTime': '', 'Show': False, 'ColorClass': 'sky_blue'}, {'StationNo': '07', 'StationName': '台中', 'DepartureTime': '12:48', 'Show': True, 'ColorClass': 'pink'}, {'StationNo': '08', 'StationName': '彰化', 'DepartureTime': '', 'Show': False, 'ColorClass': 'red'}, {'StationNo': '09', 'StationName': '雲林', 'DepartureTime': '', 'Show': False, 'ColorClass': 'dark_blue'}, {'StationNo': '10', 'StationName': '嘉義', 'DepartureTime': '13:14', 'Show': True, 'ColorClass': 'yellow'}, {'StationNo': '11', 'StationName': '台南', 'DepartureTime': '13:33', 'Show': True, 'ColorClass': 'brown'}, {'StationNo': '12', 'StationName': '左營', 'DepartureTime': '13:45', 'Show': True, 'ColorClass': 'blue'}]",False,2025/12/22,11:35,13:45,
27,0825,,12:00,14:25,,02:25,10-12,False,[],,27,"[{'StationNo': '01', 'StationName': '南港', 'DepartureTime': '12:00', 'Show': True, 'ColorClass': 'orange'}, {'StationNo': '02', 'StationName': '台北', 'DepartureTime': '12:11', 'Show': True, 'ColorClass': 'purple'}, {'StationNo': '03', 'StationName': '板橋', 'DepartureTime': '12:19', 'Show': True, 'ColorClass': 'dark_green'}, {'StationNo': '04', 'StationName': '桃園', 'DepartureTime': '12:34', 'Show': True, 'ColorClass': 'light_green'}, {'StationNo': '05', 'StationName': '新竹', 'DepartureTime': '12:47', 'Show': True, 'ColorClass': 'gray'}, {'StationNo': '06', 'StationName': '苗栗', 'DepartureTime': '12:58', 'Show': True, 'ColorClass': 'sky_blue'}, {'StationNo': '07', 'StationName': '台中', 'DepartureTime': '13:17', 'Show': True, 'ColorClass': 'pink'}, {'StationNo': '08', 'StationName': '彰化', 'DepartureTime': '13:30', 'Show': True, 'ColorClass': 'red'}, {'StationNo': '09', 'StationName': '雲林', 'DepartureTime': '13:41', 'Show': True, 'ColorClass': 'dark_blue'}, {'StationNo': '10', 'StationName': '嘉義', 'DepartureTime': '13:55', 'Show': True, 'ColorClass': 'yellow'}, {'StationNo': '11', 'StationName': '台南', 'DepartureTime': '14:13', 'Show': True, 'ColorClass': 'brown'}, {'StationNo': '12', 'StationName': '左營', 'DepartureTime': '14:25', 'Show': True, 'ColorClass': 'blue'}]",False,2025/12/22,12:00,14:25,
28,0637,,12:10,14:20,,02:10,10-12,False,[],,28,"[{'StationNo': '01', 'StationName': '南港', 'DepartureTime': '12:10', 'Show': True, 'ColorClass': 'orange'}, {'StationNo': '02', 'StationName': '台北', 'DepartureTime': '12:21', 'Show': True, 'ColorClass': 'purple'}, {'StationNo': '03', 'StationName': '板橋', 'DepartureTime': '12:29', 'Show': True, 'ColorClass': 'dark_green'}, {'StationNo': '04', 'StationName': '桃園', 'DepartureTime': '12:43', 'Show': True, 'ColorClass': 'light_green'}, {'StationNo': '05', 'StationName': '新竹', 'DepartureTime': '12:56', 'Show': True, 'ColorClass': 'gray'}, {'StationNo': '06', 'StationName': '苗栗', 'DepartureTime': '', 'Show': False, 'ColorClass': 'sky_blue'}, {'StationNo': '07', 'StationName': '台中', 'DepartureTime': '13:25', 'Show': True, 'ColorClass': 'pink'}, {'StationNo': '08', 'StationName': '彰化', 'DepartureTime': '', 'Show': False, 'ColorClass': 'red'}, {'StationNo': '09', 'StationName': '雲林', 'DepartureTime': '', 'Show': False, 'ColorClass': 'dark_blue'}, {'StationNo': '10', 'StationName': '嘉義', 'DepartureTime': '13:50', 'Show': True, 'ColorClass': 'yellow'}, {'StationNo': '11', 'StationName': '台南', 'DepartureTime': '14:07', 'Show': True, 'ColorClass': 'brown'}, {'StationNo': '12', 'StationName': '左營', 'DepartureTime': '14:20', 'Show': True, 'ColorClass': 'blue'}]",False,2025/12/22,12:10,14:20,
29,0129,,12:20,14:05,,01:45,10-12,False,[],,29,"[{'StationNo': '01', 'StationName': '南港', 'DepartureTime': '12:20', 'Show': True, 'ColorClass': 'orange'}, {'StationNo': '02', 'StationName': '台北', 'DepartureTime': '12:31', 'Show': True, 'ColorClass': 'purple'}, {'StationNo': '03', 'StationName': '板橋', 'DepartureTime': '12:39', 'Show': True, 'ColorClass': 'dark_green'}, {'StationNo': '04', 'StationName': '桃園', 'DepartureTime': '', 'Show': False, 'ColorClass': 'light_green'}, {'StationNo': '05', 'StationName': '新竹', 'DepartureTime': '', 'Show': False, 'ColorClass': 'gray'}, {'StationNo': '06', 'StationName': '苗栗', 'DepartureTime': '', 'Show': False, 'ColorClass': 'sky_blue'}, {'StationNo': '07', 'StationName': '台中', 'DepartureTime': '13:20', 'Show': True, 'ColorClass': 'pink'}, {'StationNo': '08', 'StationName': '彰化', 'DepartureTime': '', 'Show': False, 'ColorClass': 'red'}, {'StationNo': '09', 'StationName': '雲林', 'DepartureTime': '', 'Show': False, 'ColorClass': 'dark_blue'}, {'StationNo': '10', 'StationName': '嘉義', 'DepartureTime': '', 'Show': False, 'ColorClass': 'yellow'}, {'StationNo': '11', 'StationName': '台南', 'DepartureTime': '', 'Show': False, 'ColorClass': 'brown'}, {'StationNo': '12', 'StationName': '左營', 'DepartureTime': '14:05', 'Show': True, 'ColorClass': 'blue'}]",False,2025/12/22,12:20,14:05,
30,0639,,12:35,14:45,,02:10,10-12,False,[],,30,"[{'StationNo': '01', 'StationName': '南港', 'DepartureTime': '12:35', 'Show': True, 'ColorClass': 'orange'}, {'StationNo': '02', 'StationName': '台北', 'DepartureTime': '12:46', 'Show': True, 'ColorClass': 'purple'}, {'StationNo': '03', 'StationName': '板橋', 'DepartureTime': '12:55', 'Show': True, 'ColorClass': 'dark_green'}, {'StationNo': '04', 'StationName': '桃園', 'DepartureTime': '13:10', 'Show': True, 'ColorClass': 'light_green'}, {'StationNo': '05', 'StationName': '新竹', 'DepartureTime': '13:22', 'Show': True, 'ColorClass': 'gray'}, {'StationNo': '06', 'StationName': '苗栗', 'DepartureTime': '', 'Show': False, 'ColorClass': 'sky_blue'}, {'StationNo': '07', 'StationName': '台中', 'DepartureTime': '13:48', 'Show': True, 'ColorClass': 'pink'}, {'StationNo': '08', 'StationName': '彰化', 'DepartureTime': '', 'Show': False, 'ColorClass': 'red'}, {'StationNo': '09', 'StationName': '雲林', 'DepartureTime': '', 'Show': False, 'ColorClass': 'dark_blue'}, {'StationNo': '10', 'StationName': '嘉義', 'DepartureTime': '14:14', 'Show': True, 'ColorClass': 'yellow'}, {'StationNo': '11', 'StationName': '台南', 'DepartureTime': '14:33', 'Show': True, 'ColorClass': 'brown'}, {'StationNo': '12', 'StationName': '左營', 'DepartureTime': '14:45', 'Show': True, 'ColorClass': 'blue'}]",False,2025/12/22,12:35,14:45,
31,0829,,13:00,15:25,,02:25,10-12,False,[],,31,"[{'StationNo': '01', 'StationName': '南港', 'DepartureTime': '13:00', 'Show': True, 'ColorClass': 'orange'}, {'StationNo': '02', 'StationName': '台北', 'DepartureTime': '13:11', 'Show': True, 'ColorClass': 'purple'}, {'StationNo': '03', 'StationName': '板橋', 'DepartureTime': '13:19', 'Show': True, 'ColorClass': 'dark_green'}, {'StationNo': '04', 'StationName': '桃園', 'DepartureTime': '13:34', 'Show': True, 'ColorClass': 'light_green'}, {'StationNo': '05', 'StationName': '新竹', 'DepartureTime': '13:47', 'Show': True, 'ColorClass': 'gray'}, {'StationNo': '06', 'StationName': '苗栗', 'DepartureTime': '13:58', 'Show': True, 'ColorClass': 'sky_blue'}, {'StationNo': '07', 'StationName': '台中', 'DepartureTime': '14:17', 'Show': True, 'ColorClass': 'pink'}, {'StationNo': '08', 'StationName': '彰化', 'DepartureTime': '14:30', 'Show': True, 'ColorClass': 'red'}, {'StationNo': '09', 'StationName': '雲林', 'DepartureTime': '14:41', 'Show': True, 'ColorClass': 'dark_blue'}, {'StationNo': '10', 'StationName': '嘉義', 'DepartureTime': '14:55', 'Show': True, 'ColorClass': 'yellow'}, {'StationNo': '11', 'StationName': '台南', 'DepartureTime': '15:13', 'Show': True, 'ColorClass': 'brown'}, {'StationNo': '12', 'StationName': '左營', 'DepartureTime': '15:25', 'Show': True, 'ColorClass': 'blue'}]",False,2025/12/22,13:00,15:25,
32,0643,,13:10,15:20,,02:10,10-12,False,[],,32,"[{'StationNo': '01', 'StationName': '南港', 'DepartureTime': '13:10', 'Show': True, 'ColorClass': 'orange'}, {'StationNo': '02', 'StationName': '台北', 'DepartureTime': '13:21', 'Show': True, 'ColorClass': 'purple'}, {'StationNo': '03', 'StationName': '板橋', 'DepartureTime': '13:29', 'Show': True, 'ColorClass': 'dark_green'}, {'StationNo': '04', 'StationName': '桃園', 'DepartureTime': '13:43', 'Show': True, 'ColorClass': 'light_green'}, {'StationNo': '05', 'StationName': '新竹', 'DepartureTime': '13:56', 'Show': True, 'ColorClass': 'gray'}, {'StationNo': '06', 'StationName': '苗栗', 'DepartureTime': '', 'Show': False, 'ColorClass': 'sky_blue'}, {'StationNo': '07', 'StationName': '台中', 'DepartureTime': '14:25', 'Show': True, 'ColorClass': 'pink'}, {'StationNo': '08', 'StationName': '彰化', 'DepartureTime': '', 'Show': False, 'ColorClass': 'red'}, {'StationNo': '09', 'StationName': '雲林', 'DepartureTime': '', 'Show': False, 'ColorClass': 'dark_blue'}, {'StationNo': '10', 'StationName': '嘉義', 'DepartureTime': '14:50', 'Show': True, 'ColorClass': 'yellow'}, {'StationNo': '11', 'StationName': '台南', 'DepartureTime': '15:07', 'Show': True, 'ColorClass': 'brown'}, {'StationNo': '12', 'StationName': '左營', 'DepartureTime': '15:20', 'Show': True, 'ColorClass': 'blue'}]",False,2025/12/22,13:10,15:20,
33,0133,,13:20,15:05,,01:45,10-12,False,[],,33,"[{'StationNo': '01', 'StationName': '南港', 'DepartureTime': '13:20', 'Show': True, 'ColorClass': 'orange'}, {'StationNo': '02', 'StationName': '台北', 'DepartureTime': '13:31', 'Show': True, 'ColorClass': 'purple'}, {'StationNo': '03', 'StationName': '板橋', 'DepartureTime': '13:39', 'Show': True, 'ColorClass': 'dark_green'}, {'StationNo': '04', 'StationName': '桃園', 'DepartureTime': '', 'Show': False, 'ColorClass': 'light_green'}, {'StationNo': '05', 'StationName': '新竹', 'DepartureTime': '', 'Show': False, 'ColorClass': 'gray'}, {'StationNo': '06', 'StationName': '苗栗', 'DepartureTime': '', 'Show': False, 'ColorClass': 'sky_blue'}, {'StationNo': '07', 'StationName': '台中', 'DepartureTime': '14:20', 'Show': True, 'ColorClass': 'pink'}, {'StationNo': '08', 'StationName': '彰化', 'DepartureTime': '', 'Show': False, 'ColorClass': 'red'}, {'StationNo': '09', 'StationName': '雲林', 'DepartureTime': '', 'Show': False, 'ColorClass': 'dark_blue'}, {'StationNo': '10', 'StationName': '嘉義', 'DepartureTime': '', 'Show': False, 'ColorClass': 'yellow'}, {'StationNo': '11', 'StationName': '台南', 'DepartureTime': '', 'Show': False, 'ColorClass': 'brown'}, {'StationNo': '12', 'StationName': '左營', 'DepartureTime': '15:05', 'Show': True, 'ColorClass': 'blue'}]",False,2025/12/22,13:20,15:05,
34,0645,,13:35,15:45,,02:10,10-12,False,[],,34,"[{'StationNo': '01', 'StationName': '南港', 'DepartureTime': '13:35', 'Show': True, 'ColorClass': 'orange'}, {'StationNo': '02', 'StationName': '台北', 'DepartureTime': '13:46', 'Show': True, 'ColorClass': 'purple'}, {'StationNo': '03', 'StationName': '板橋', 'DepartureTime': '13:55', 'Show': True, 'ColorClass': 'dark_green'}, {'StationNo': '04', 'StationName': '桃園', 'DepartureTime': '14:10', 'Show': True, 'ColorClass': 'light_green'}, {'StationNo': '05', 'StationName': '新竹', 'DepartureTime': '14:22', 'Show': True, 'ColorClass': 'gray'}, {'StationNo': '06', 'StationName': '苗栗', 'DepartureTime': '', 'Show': False, 'ColorClass': 'sky_blue'}, {'StationNo': '07', 'StationName': '台中', 'DepartureTime': '14:48', 'Show': True, 'ColorClass': 'pink'}, {'StationNo': '08', 'StationName': '彰化', 'DepartureTime': '', 'Show': False, 'ColorClass': 'red'}, {'StationNo': '09', 'StationName': '雲林', 'DepartureTime': '', 'Show': False, 'ColorClass': 'dark_blue'}, {'StationNo': '10', 'StationName': '嘉義', 'DepartureTime': '15:14', 'Show': True, 'ColorClass': 'yellow'}, {'StationNo': '11', 'StationName': '台南', 'DepartureTime': '15:33', 'Show': True, 'ColorClass': 'brown'}, {'StationNo': '12', 'StationName': '左營', 'DepartureTime': '15:45', 'Show': True, 'ColorClass': 'blue'}]",False,2025/12/22,13:35,15:45,
35,0833,,14:00,16:25,,02:25,10-12,False,[],,35,"[{'StationNo': '01', 'StationName': '南港', 'DepartureTime': '14:00', 'Show': True, 'ColorClass': 'orange'}, {'StationNo': '02', 'StationName': '台北', 'DepartureTime': '14:11', 'Show': True, 'ColorClass': 'purple'}, {'StationNo': '03', 'StationName': '板橋', 'DepartureTime': '14:19', 'Show': True, 'ColorClass': 'dark_green'}, {'StationNo': '04', 'StationName': '桃園', 'DepartureTime': '14:34', 'Show': True, 'ColorClass': 'light_green'}, {'StationNo': '05', 'StationName': '新竹', 'DepartureTime': '14:47', 'Show': True, 'ColorClass': 'gray'}, {'StationNo': '06', 'StationName': '苗栗', 'DepartureTime': '14:58', 'Show': True, 'ColorClass': 'sky_blue'}, {'StationNo': '07', 'StationName': '台中', 'DepartureTime': '15:17', 'Show': True, 'ColorClass': 'pink'}, {'StationNo': '08', 'StationName': '彰化', 'DepartureTime': '15:30', 'Show': True, 'ColorClass': 'red'}, {'StationNo': '09', 'StationName': '雲林', 'DepartureTime': '15:41', 'Show': True, 'ColorClass': 'dark_blue'}, {'StationNo': '10', 'StationName': '嘉義', 'DepartureTime': '15:55', 'Show': True, 'ColorClass': 'yellow'}, {'StationNo': '11', 'StationName': '台南', 'DepartureTime': '16:13', 'Show': True, 'ColorClass': 'brown'}, {'StationNo': '12', 'StationName': '左營', 'DepartureTime': '16:25', 'Show': True, 'ColorClass': 'blue'}]",False,2025/12/22,14:00,16:25,
36,0649,,14:10,16:20,,02:10,10-12,False,[],,36,"[{'StationNo': '01', 'StationName': '南港', 'DepartureTime': '14:10', 'Show': True, 'ColorClass': 'orange'}, {'StationNo': '02', 'StationName': '台北', 'DepartureTime': '14:21', 'Show': True, 'ColorClass': 'purple'}, {'StationNo': '03', 'StationName': '板橋', 'DepartureTime': '14:29', 'Show': True, 'ColorClass': 'dark_green'}, {'StationNo': '04', 'StationName': '桃園', 'DepartureTime': '14:43', 'Show': True, 'ColorClass': 'light_green'}, {'StationNo': '05', 'StationName': '新竹', 'DepartureTime': '14:56', 'Show': True, 'ColorClass': 'gray'}, {'StationNo': '06', 'StationName': '苗栗', 'DepartureTime': '', 'Show': False, 'ColorClass': 'sky_blue'}, {'StationNo': '07', 'StationName': '台中', 'DepartureTime': '15:25', 'Show': True, 'ColorClass': 'pink'}, {'StationNo': '08', 'StationName': '彰化', 'DepartureTime': '', 'Show': False, 'ColorClass': 'red'}, {'StationNo': '09', 'StationName': '雲林', 'DepartureTime': '', 'Show': False, 'ColorClass': 'dark_blue'}, {'StationNo': '10', 'StationName': '嘉義', 'DepartureTime': '15:50', 'Show': True, 'ColorClass': 'yellow'}, {'StationNo': '11', 'StationName': '台南', 'DepartureTime': '16:07', 'Show': True, 'ColorClass': 'brown'}, {'StationNo': '12', 'StationName': '左營', 'DepartureTime': '16:20', 'Show': True, 'ColorClass': 'blue'}]",False,2025/12/22,14:10,16:20,
37,0137,,14:20,16:05,,01:45,10-12,False,[],,37,"[{'StationNo': '01', 'StationName': '南港', 'DepartureTime': '14:20', 'Show': True, 'ColorClass': 'orange'}, {'StationNo': '02', 'StationName': '台北', 'DepartureTime': '14:31', 'Show': True, 'ColorClass': 'purple'}, {'StationNo': '03', 'StationName': '板橋', 'DepartureTime': '14:39', 'Show': True, 'ColorClass': 'dark_green'}, {'StationNo': '04', 'StationName': '桃園', 'DepartureTime': '', 'Show': False, 'ColorClass': 'light_green'}, {'StationNo': '05', 'StationName': '新竹', 'DepartureTime': '', 'Show': False, 'ColorClass': 'gray'}, {'StationNo': '06', 'StationName': '苗栗', 'DepartureTime': '', 'Show': False, 'ColorClass': 'sky_blue'}, {'StationNo': '07', 'StationName': '台中', 'DepartureTime': '15:20', 'Show': True, 'ColorClass': 'pink'}, {'StationNo': '08', 'StationName': '彰化', 'DepartureTime': '', 'Show': False, 'ColorClass': 'red'}, {'StationNo': '09', 'StationName': '雲林', 'DepartureTime': '', 'Show': False, 'ColorClass': 'dark_blue'}, {'StationNo': '10', 'StationName': '嘉義', 'DepartureTime': '', 'Show': False, 'ColorClass': 'yellow'}, {'StationNo': '11', 'StationName': '台南', 'DepartureTime': '', 'Show': False, 'ColorClass': 'brown'}, {'StationNo': '12', 'StationName': '左營', 'DepartureTime': '16:05', 'Show': True, 'ColorClass': 'blue'}]",False,2025/12/22,14:20,16:05,
38,0651,,14:35,16:45,,02:10,10-12,False,[],,38,"[{'StationNo': '01', 'StationName': '南港', 'DepartureTime': '14:35', 'Show': True, 'ColorClass': 'orange'}, {'StationNo': '02', 'StationName': '台北', 'DepartureTime': '14:46', 'Show': True, 'ColorClass': 'purple'}, {'StationNo': '03', 'StationName': '板橋', 'DepartureTime': '14:55', 'Show': True, 'ColorClass': 'dark_green'}, {'StationNo': '04', 'StationName': '桃園', 'DepartureTime': '15:10', 'Show': True, 'ColorClass': 'light_green'}, {'StationNo': '05', 'StationName': '新竹', 'DepartureTime': '15:22', 'Show': True, 'ColorClass': 'gray'}, {'StationNo': '06', 'StationName': '苗栗', 'DepartureTime': '', 'Show': False, 'ColorClass': 'sky_blue'}, {'StationNo': '07', 'StationName': '台中', 'DepartureTime': '15:48', 'Show': True, 'ColorClass': 'pink'}, {'StationNo': '08', 'StationName': '彰化', 'DepartureTime': '', 'Show': False, 'ColorClass': 'red'}, {'StationNo': '09', 'StationName': '雲林', 'DepartureTime': '', 'Show': False, 'ColorClass': 'dark_blue'}, {'StationNo': '10', 'StationName': '嘉義', 'DepartureTime': '16:14', 'Show': True, 'ColorClass': 'yellow'}, {'StationNo': '11', 'StationName': '台南', 'DepartureTime': '16:33', 'Show': True, 'ColorClass': 'brown'}, {'StationNo': '12', 'StationName': '左營', 'DepartureTime': '16:45', 'Show': True, 'ColorClass': 'blue'}]",False,2025/12/22,14:35,16:45,
39,0837,,15:00,17:25,,02:25,10-12,False,[],,39,"[{'StationNo': '01', 'StationName': '南港', 'DepartureTime': '15:00', 'Show': True, 'ColorClass': 'orange'}, {'StationNo': '02', 'StationName': '台北', 'DepartureTime': '15:11', 'Show': True, 'ColorClass': 'purple'}, {'StationNo': '03', 'StationName': '板橋', 'DepartureTime': '15:19', 'Show': True, 'ColorClass': 'dark_green'}, {'StationNo': '04', 'StationName': '桃園', 'DepartureTime': '15:34', 'Show': True, 'ColorClass': 'light_green'}, {'StationNo': '05', 'StationName': '新竹', 'DepartureTime': '15:47', 'Show': True, 'ColorClass': 'gray'}, {'StationNo': '06', 'StationName': '苗栗', 'DepartureTime': '15:58', 'Show': True, 'ColorClass': 'sky_blue'}, {'StationNo': '07', 'StationName': '台中', 'DepartureTime': '16:17', 'Show': True, 'ColorClass': 'pink'}, {'StationNo': '08', 'StationName': '彰化', 'DepartureTime': '16:30', 'Show': True, 'ColorClass': 'red'}, {'StationNo': '09', 'StationName': '雲林', 'DepartureTime': '16:41', 'Show': True, 'ColorClass': 'dark_blue'}, {'StationNo': '10', 'StationName': '嘉義', 'DepartureTime': '16:55', 'Show': True, 'ColorClass': 'yellow'}, {'StationNo': '11', 'StationName': '台南', 'DepartureTime': '17:13', 'Show': True, 'ColorClass': 'brown'}, {'StationNo': '12', 'StationName': '左營', 'DepartureTime': '17:25', 'Show': True, 'ColorClass': 'blue'}]",False,2025/12/22,15:00,17:25,
40,0655,,15:10,17:20,,02:10,10-12,False,[],,40,"[{'StationNo': '01', 'StationName': '南港', 'DepartureTime': '15:10', 'Show': True, 'ColorClass': 'orange'}, {'StationNo': '02', 'StationName': '台北', 'DepartureTime': '15:21', 'Show': True, 'ColorClass': 'purple'}, {'StationNo': '03', 'StationName': '板橋', 'DepartureTime': '15:29', 'Show': True, 'ColorClass': 'dark_green'}, {'StationNo': '04', 'StationName': '桃園', 'DepartureTime': '15:43', 'Show': True, 'ColorClass': 'light_green'}, {'StationNo': '05', 'StationName': '新竹', 'DepartureTime': '15:56', 'Show': True, 'ColorClass': 'gray'}, {'StationNo': '06', 'StationName': '苗栗', 'DepartureTime': '', 'Show': False, 'ColorClass': 'sky_blue'}, {'StationNo': '07', 'StationName': '台中', 'DepartureTime': '16:25', 'Show': True, 'ColorClass': 'pink'}, {'StationNo': '08', 'StationName': '彰化', 'DepartureTime': '', 'Show': False, 'ColorClass': 'red'}, {'StationNo': '09', 'StationName': '雲林', 'DepartureTime': '', 'Show': False, 'ColorClass': 'dark_blue'}, {'StationNo': '10', 'StationName': '嘉義', 'DepartureTime': '16:50', 'Show': True, 'ColorClass': 'yellow'}, {'StationNo': '11', 'StationName': '台南', 'DepartureTime': '17:07', 'Show': True, 'ColorClass': 'brown'}, {'StationNo': '12', 'StationName': '左營', 'DepartureTime': '17:20', 'Show': True, 'ColorClass': 'blue'}]",False,2025/12/22,15:10,17:20,
41,0141,,15:20,17:05,,01:45,10-12,False,[],,41,"[{'StationNo': '01', 'StationName': '南港', 'DepartureTime': '15:20', 'Show': True, 'ColorClass': 'orange'}, {'StationNo': '02', 'StationName': '台北', 'DepartureTime': '15:31', 'Show': True, 'ColorClass': 'purple'}, {'StationNo': '03', 'StationName': '板橋', 'DepartureTime': '15:39', 'Show': True, 'ColorClass': 'dark_green'}, {'StationNo': '04', 'StationName': '桃園', 'DepartureTime': '', 'Show': False, 'ColorClass': 'light_green'}, {'StationNo': '05', 'StationName': '新竹', 'DepartureTime': '', 'Show': False, 'ColorClass': 'gray'}, {'StationNo': '06', 'StationName': '苗栗', 'DepartureTime': '', 'Show': False, 'ColorClass': 'sky_blue'}, {'StationNo': '07', 'StationName': '台中', 'DepartureTime': '16:20', 'Show': True, 'ColorClass': 'pink'}, {'StationNo': '08', 'StationName': '彰化', 'DepartureTime': '', 'Show': False, 'ColorClass': 'red'}, {'StationNo': '09', 'StationName': '雲林', 'DepartureTime': '', 'Show': False, 'ColorClass': 'dark_blue'}, {'StationNo': '10', 'StationName': '嘉義', 'DepartureTime': '', 'Show': False, 'ColorClass': 'yellow'}, {'StationNo': '11', 'StationName': '台南', 'DepartureTime': '', 'Show': False, 'ColorClass': 'brown'}, {'StationNo': '12', 'StationName': '左營', 'DepartureTime': '17:05', 'Show': True, 'ColorClass': 'blue'}]",False,2025/12/22,15:20,17:05,
42,0657,,15:35,17:45,,02:10,10-12,False,[],,42,"[{'StationNo': '01', 'StationName': '南港', 'DepartureTime': '15:35', 'Show': True, 'ColorClass': 'orange'}, {'StationNo': '02', 'StationName': '台北', 'DepartureTime': '15:46', 'Show': True, 'ColorClass': 'purple'}, {'StationNo': '03', 'StationName': '板橋', 'DepartureTime': '15:55', 'Show': True, 'ColorClass': 'dark_green'}, {'StationNo': '04', 'StationName': '桃園', 'DepartureTime': '16:10', 'Show': True, 'ColorClass': 'light_green'}, {'StationNo': '05', 'StationName': '新竹', 'DepartureTime': '16:22', 'Show': True, 'ColorClass': 'gray'}, {'StationNo': '06', 'StationName': '苗栗', 'DepartureTime': '', 'Show': False, 'ColorClass': 'sky_blue'}, {'StationNo': '07', 'StationName': '台中', 'DepartureTime': '16:48', 'Show': True, 'ColorClass': 'pink'}, {'StationNo': '08', 'StationName': '彰化', 'DepartureTime': '', 'Show': False, 'ColorClass': 'red'}, {'StationNo': '09', 'StationName': '雲林', 'DepartureTime': '', 'Show': False, 'ColorClass': 'dark_blue'}, {'StationNo': '10', 'StationName': '嘉義', 'DepartureTime': '17:14', 'Show': True, 'ColorClass': 'yellow'}, {'StationNo': '11', 'StationName': '台南', 'DepartureTime': '17:33', 'Show': True, 'ColorClass': 'brown'}, {'StationNo': '12', 'StationName': '左營', 'DepartureTime': '17:45', 'Show': True, 'ColorClass': 'blue'}]",False,2025/12/22,15:35,17:45,
43,1321,,15:50,18:00,,02:10,10-12,False,[],,43,"[{'StationNo': '01', 'StationName': '南港', 'DepartureTime': '15:50', 'Show': True, 'ColorClass': 'orange'}, {'StationNo': '02', 'StationName': '台北', 'DepartureTime': '16:01', 'Show': True, 'ColorClass': 'purple'}, {'StationNo': '03', 'StationName': '板橋', 'DepartureTime': '', 'Show': False, 'ColorClass': 'dark_green'}, {'StationNo': '04', 'StationName': '桃園', 'DepartureTime': '16:20', 'Show': True, 'ColorClass': 'light_green'}, {'StationNo': '05', 'StationName': '新竹', 'DepartureTime': '', 'Show': False, 'ColorClass': 'gray'}, {'StationNo': '06', 'StationName': '苗栗', 'DepartureTime': '', 'Show': False, 'ColorClass': 'sky_blue'}, {'StationNo': '07', 'StationName': '台中', 'DepartureTime': '16:54', 'Show': True, 'ColorClass': 'pink'}, {'StationNo': '08', 'StationName': '彰化', 'DepartureTime': '17:06', 'Show': True, 'ColorClass': 'red'}, {'StationNo': '09', 'StationName': '雲林', 'DepartureTime': '17:17', 'Show': True, 'ColorClass': 'dark_blue'}, {'StationNo': '10', 'StationName': '嘉義', 'DepartureTime': '17:29', 'Show': True, 'ColorClass': 'yellow'}, {'StationNo': '11', 'StationName': '台南', 'DepartureTime': '17:47', 'Show': True, 'ColorClass': 'brown'}, {'StationNo': '12', 'StationName': '左營', 'DepartureTime': '18:00', 'Show': True, 'ColorClass': 'blue'}]",False,2025/12/22,15:50,18:00,
44,0841,,16:00,18:25,,02:25,10-12,False,[],,44,"[{'StationNo': '01', 'StationName': '南港', 'DepartureTime': '16:00', 'Show': True, 'ColorClass': 'orange'}, {'StationNo': '02', 'StationName': '台北', 'DepartureTime': '16:11', 'Show': True, 'ColorClass': 'purple'}, {'StationNo': '03', 'StationName': '板橋', 'DepartureTime': '16:19', 'Show': True, 'ColorClass': 'dark_green'}, {'StationNo': '04', 'StationName': '桃園', 'DepartureTime': '16:34', 'Show': True, 'ColorClass': 'light_green'}, {'StationNo': '05', 'StationName': '新竹', 'DepartureTime': '16:47', 'Show': True, 'ColorClass': 'gray'}, {'StationNo': '06', 'StationName': '苗栗', 'DepartureTime': '16:58', 'Show': True, 'ColorClass': 'sky_blue'}, {'StationNo': '07', 'StationName': '台中', 'DepartureTime': '17:17', 'Show': True, 'ColorClass': 'pink'}, {'StationNo': '08', 'StationName': '彰化', 'DepartureTime': '17:30', 'Show': True, 'ColorClass': 'red'}, {'StationNo': '09', 'StationName': '雲林', 'DepartureTime': '17:41', 'Show': True, 'ColorClass': 'dark_blue'}, {'StationNo': '10', 'StationName': '嘉義', 'DepartureTime': '17:55', 'Show': True, 'ColorClass': 'yellow'}, {'StationNo': '11', 'StationName': '台南', 'DepartureTime': '18:13', 'Show': True, 'ColorClass': 'brown'}, {'StationNo': '12', 'StationName': '左營', 'DepartureTime': '18:25', 'Show': True, 'ColorClass': 'blue'}]",False,2025/12/22,16:00,18:25,
45,0661,,16:10,18:20,,02:10,10-12,False,[],,45,"[{'StationNo': '01', 'StationName': '南港', 'DepartureTime': '16:10', 'Show': True, 'ColorClass': 'orange'}, {'StationNo': '02', 'StationName': '台北', 'DepartureTime': '16:21', 'Show': True, 'ColorClass': 'purple'}, {'StationNo': '03', 'StationName': '板橋', 'DepartureTime': '16:29', 'Show': True, 'ColorClass': 'dark_green'}, {'StationNo': '04', 'StationName': '桃園', 'DepartureTime': '16:43', 'Show': True, 'ColorClass': 'light_green'}, {'StationNo': '05', 'StationName': '新竹', 'DepartureTime': '16:56', 'Show': True, 'ColorClass': 'gray'}, {'StationNo': '06', 'StationName': '苗栗', 'DepartureTime': '', 'Show': False, 'ColorClass': 'sky_blue'}, {'StationNo': '07', 'StationName': '台中', 'DepartureTime': '17:25', 'Show': True, 'ColorClass': 'pink'}, {'StationNo': '08', 'StationName': '彰化', 'DepartureTime': '', 'Show': False, 'ColorClass': 'red'}, {'StationNo': '09', 'StationName': '雲林', 'DepartureTime': '', 'Show': False, 'ColorClass': 'dark_blue'}, {'StationNo': '10', 'StationName': '嘉義', 'DepartureTime': '17:50', 'Show': True, 'ColorClass': 'yellow'}, {'StationNo': '11', 'StationName': '台南', 'DepartureTime': '18:07', 'Show': True, 'ColorClass': 'brown'}, {'StationNo': '12', 'StationName': '左營', 'DepartureTime': '18:20', 'Show': True, 'ColorClass': 'blue'}]",False,2025/12/22,16:10,18:20,
46,0145,,16:20,18:05,,01:45,10-12,False,[],,46,"[{'StationNo': '01', 'StationName': '南港', 'DepartureTime': '16:20', 'Show': True, 'ColorClass': 'orange'}, {'StationNo': '02', 'StationName': '台北', 'DepartureTime': '16:31', 'Show': True, 'ColorClass': 'purple'}, {'StationNo': '03', 'StationName': '板橋', 'DepartureTime': '16:39', 'Show': True, 'ColorClass': 'dark_green'}, {'StationNo': '04', 'StationName': '桃園', 'DepartureTime': '', 'Show': False, 'ColorClass': 'light_green'}, {'StationNo': '05', 'StationName': '新竹', 'DepartureTime': '', 'Show': False, 'ColorClass': 'gray'}, {'StationNo': '06', 'StationName': '苗栗', 'DepartureTime': '', 'Show': False, 'ColorClass': 'sky_blue'}, {'StationNo': '07', 'StationName': '台中', 'DepartureTime': '17:20', 'Show': True, 'ColorClass': 'pink'}, {'StationNo': '08', 'StationName': '彰化', 'DepartureTime': '', 'Show': False, 'ColorClass': 'red'}, {'StationNo': '09', 'StationName': '雲林', 'DepartureTime': '', 'Show': False, 'ColorClass': 'dark_blue'}, {'StationNo': '10', 'StationName': '嘉義', 'DepartureTime': '', 'Show': False, 'ColorClass': 'yellow'}, {'StationNo': '11', 'StationName': '台南', 'DepartureTime': '', 'Show': False, 'ColorClass': 'brown'}, {'StationNo': '12', 'StationName': '左營', 'DepartureTime': '18:05', 'Show': True, 'ColorClass': 'blue'}]",False,2025/12/22,16:20,18:05,
47,0663,,16:35,18:45,,02:10,9-12,False,[],,47,"[{'StationNo': '01', 'StationName': '南港', 'DepartureTime': '16:35', 'Show': True, 'ColorClass': 'orange'}, {'StationNo': '02', 'StationName': '台北', 'DepartureTime': '16:46', 'Show': True, 'ColorClass': 'purple'}, {'StationNo': '03', 'StationName': '板橋', 'DepartureTime': '16:55', 'Show': True, 'ColorClass': 'dark_green'}, {'StationNo': '04', 'StationName': '桃園', 'DepartureTime': '17:10', 'Show': True, 'ColorClass': 'light_green'}, {'StationNo': '05', 'StationName': '新竹', 'DepartureTime': '17:22', 'Show': True, 'ColorClass': 'gray'}, {'StationNo': '06', 'StationName': '苗栗', 'DepartureTime': '', 'Show': False, 'ColorClass': 'sky_blue'}, {'StationNo': '07', 'StationName': '台中', 'DepartureTime': '17:48', 'Show': True, 'ColorClass': 'pink'}, {'StationNo': '08', 'StationName': '彰化', 'DepartureTime': '', 'Show': False, 'ColorClass': 'red'}, {'StationNo': '09', 'StationName': '雲林', 'DepartureTime': '', 'Show': False, 'ColorClass': 'dark_blue'}, {'StationNo': '10', 'StationName': '嘉義', 'DepartureTime': '18:14', 'Show': True, 'ColorClass': 'yellow'}, {'StationNo': '11', 'StationName': '台南', 'DepartureTime': '18:33', 'Show': True, 'ColorClass': 'brown'}, {'StationNo': '12', 'StationName': '左營', 'DepartureTime': '18:45', 'Show': True, 'ColorClass': 'blue'}]",False,2025/12/22,16:35,18:45,
48,1241,,16:40,18:30,,01:50,10-12,False,[],,48,"[{'StationNo': '01', 'StationName': '南港', 'DepartureTime': '16:40', 'Show': True, 'ColorClass': 'orange'}, {'StationNo': '02', 'StationName': '台北', 'DepartureTime': '16:51', 'Show': True, 'ColorClass': 'purple'}, {'StationNo': '03', 'StationName': '板橋', 'DepartureTime': '16:59', 'Show': True, 'ColorClass': 'dark_green'}, {'StationNo': '04', 'StationName': '桃園', 'DepartureTime': '', 'Show': False, 'ColorClass': 'light_green'}, {'StationNo': '05', 'StationName': '新竹', 'DepartureTime': '', 'Show': False, 'ColorClass': 'gray'}, {'StationNo': '06', 'StationName': '苗栗', 'DepartureTime': '', 'Show': False, 'ColorClass': 'sky_blue'}, {'StationNo': '07', 'StationName': '台中', 'DepartureTime': '17:40', 'Show': True, 'ColorClass': 'pink'}, {'StationNo': '08', 'StationName': '彰化', 'DepartureTime': '', 'Show': False, 'ColorClass': 'red'}, {'StationNo': '09', 'StationName': '雲林', 'DepartureTime': '', 'Show': False, 'ColorClass': 'dark_blue'}, {'StationNo': '10', 'StationName': '嘉義', 'DepartureTime': '', 'Show': False, 'ColorClass': 'yellow'}, {'StationNo': '11', 'StationName': '台南', 'DepartureTime': '18:18', 'Show': True, 'ColorClass': 'brown'}, {'StationNo': '12', 'StationName': '左營', 'DepartureTime': '18:30', 'Show': True, 'ColorClass': 'blue'}]",False,2025/12/22,16:40,18:30,
49,0845,,17:00,19:25,,02:25,8-12,False,[],,49,"[{'StationNo': '01', 'StationName': '南港', 'DepartureTime': '17:00', 'Show': True, 'ColorClass': 'orange'}, {'StationNo': '02', 'StationName': '台北', 'DepartureTime': '17:11', 'Show': True, 'ColorClass': 'purple'}, {'StationNo': '03', 'StationName': '板橋', 'DepartureTime': '17:19', 'Show': True, 'ColorClass': 'dark_green'}, {'StationNo': '04', 'StationName': '桃園', 'DepartureTime': '17:34', 'Show': True, 'ColorClass': 'light_green'}, {'StationNo': '05', 'StationName': '新竹', 'DepartureTime': '17:47', 'Show': True, 'ColorClass': 'gray'}, {'StationNo': '06', 'StationName': '苗栗', 'DepartureTime': '17:58', 'Show': True, 'ColorClass': 'sky_blue'}, {'StationNo': '07', 'StationName': '台中', 'DepartureTime': '18:17', 'Show': True, 'ColorClass': 'pink'}, {'StationNo': '08', 'StationName': '彰化', 'DepartureTime': '18:30', 'Show': True, 'ColorClass': 'red'}, {'StationNo': '09', 'StationName': '雲林', 'DepartureTime': '18:41', 'Show': True, 'ColorClass': 'dark_blue'}, {'StationNo': '10', 'StationName': '嘉義', 'DepartureTime': '18:55', 'Show': True, 'ColorClass': 'yellow'}, {'StationNo': '11', 'StationName': '台南', 'DepartureTime': '19:13', 'Show': True, 'ColorClass': 'brown'}, {'StationNo': '12', 'StationName': '左營', 'DepartureTime': '19:25', 'Show': True, 'ColorClass': 'blue'}]",False,2025/12/22,17:00,19:25,
50,0667,,17:10,19:20,,02:10,8-12,False,[],,50,"[{'StationNo': '01', 'StationName': '南港', 'DepartureTime': '17:10', 'Show': True, 'ColorClass': 'orange'}, {'StationNo': '02', 'StationName': '台北', 'DepartureTime': '17:21', 'Show': True, 'ColorClass': 'purple'}, {'StationNo': '03', 'StationName': '板橋', 'DepartureTime': '17:29', 'Show': True, 'ColorClass': 'dark_green'}, {'StationNo': '04', 'StationName': '桃園', 'DepartureTime': '17:43', 'Show': True, 'ColorClass': 'light_green'}, {'StationNo': '05', 'StationName': '新竹', 'DepartureTime': '17:56', 'Show': True, 'ColorClass': 'gray'}, {'StationNo': '06', 'StationName': '苗栗', 'DepartureTime': '', 'Show': False, 'ColorClass': 'sky_blue'}, {'StationNo': '07', 'StationName': '台中', 'DepartureTime': '18:25', 'Show': True, 'ColorClass': 'pink'}, {'StationNo': '08', 'StationName': '彰化', 'DepartureTime': '', 'Show': False, 'ColorClass': 'red'}, {'StationNo': '09', 'StationName': '雲林', 'DepartureTime': '', 'Show': False, 'ColorClass': 'dark_blue'}, {'StationNo': '10', 'StationName': '嘉義', 'DepartureTime': '18:50', 'Show': True, 'ColorClass': 'yellow'}, {'StationNo': '11', 'StationName': '台南', 'DepartureTime': '19:07', 'Show': True, 'ColorClass': 'brown'}, {'StationNo': '12', 'StationName': '左營', 'DepartureTime': '19:20', 'Show': True, 'ColorClass': 'blue'}]",False,2025/12/22,17:10,19:20,
51,0149,,17:20,19:05,,01:45,10-12,False,[],,51,"[{'StationNo': '01', 'StationName': '南港', 'DepartureTime': '17:20', 'Show': True, 'ColorClass': 'orange'}, {'StationNo': '02', 'StationName': '台北', 'DepartureTime': '17:31', 'Show': True, 'ColorClass': 'purple'}, {'StationNo': '03', 'StationName': '板橋', 'DepartureTime': '17:39', 'Show': True, 'ColorClass': 'dark_green'}, {'StationNo': '04', 'StationName': '桃園', 'DepartureTime': '', 'Show': False, 'ColorClass': 'light_green'}, {'StationNo': '05', 'StationName': '新竹', 'DepartureTime': '', 'Show': False, 'ColorClass': 'gray'}, {'StationNo': '06', 'StationName': '苗栗', 'DepartureTime': '', 'Show': False, 'ColorClass': 'sky_blue'}, {'StationNo': '07', 'StationName': '台中', 'DepartureTime': '18:20', 'Show': True, 'ColorClass': 'pink'}, {'StationNo': '08', 'StationName': '彰化', 'DepartureTime': '', 'Show': False, 'ColorClass': 'red'}, {'StationNo': '09', 'StationName': '雲林', 'DepartureTime': '', 'Show': False, 'ColorClass': 'dark_blue'}, {'StationNo': '10', 'StationName': '嘉義', 'DepartureTime': '', 'Show': False, 'ColorClass': 'yellow'}, {'StationNo': '11', 'StationName': '台南', 'DepartureTime': '', 'Show': False, 'ColorClass': 'brown'}, {'StationNo': '12', 'StationName': '左營', 'DepartureTime': '19:05', 'Show': True, 'ColorClass': 'blue'}]",False,2025/12/22,17:20,19:05,
52,0669,,17:35,19:45,,02:10,8-12,False,[],,52,"[{'StationNo': '01', 'StationName': '南港', 'DepartureTime': '17:35', 'Show': True, 'ColorClass': 'orange'}, {'StationNo': '02', 'StationName': '台北', 'DepartureTime': '17:46', 'Show': True, 'ColorClass': 'purple'}, {'StationNo': '03', 'StationName': '板橋', 'DepartureTime': '17:55', 'Show': True, 'ColorClass': 'dark_green'}, {'StationNo': '04', 'StationName': '桃園', 'DepartureTime': '18:10', 'Show': True, 'ColorClass': 'light_green'}, {'StationNo': '05', 'StationName': '新竹', 'DepartureTime': '18:22', 'Show': True, 'ColorClass': 'gray'}, {'StationNo': '06', 'StationName': '苗栗', 'DepartureTime': '', 'Show': False, 'ColorClass': 'sky_blue'}, {'StationNo': '07', 'StationName': '台中', 'DepartureTime': '18:48', 'Show': True, 'ColorClass': 'pink'}, {'StationNo': '08', 'StationName': '彰化', 'DepartureTime': '', 'Show': False, 'ColorClass': 'red'}, {'StationNo': '09', 'StationName': '雲林', 'DepartureTime': '', 'Show': False, 'ColorClass': 'dark_blue'}, {'StationNo': '10', 'StationName': '嘉義', 'DepartureTime': '19:14', 'Show': True, 'ColorClass': 'yellow'}, {'StationNo': '11', 'StationName': '台南', 'DepartureTime': '19:33', 'Show': True, 'ColorClass': 'brown'}, {'StationNo': '12', 'StationName': '左營', 'DepartureTime': '19:45', 'Show': True, 'ColorClass': 'blue'}]",False,2025/12/22,17:35,19:45,
53,0849,,18:00,20:25,,02:25,8-12,False,[],,53,"[{'StationNo': '01', 'StationName': '南港', 'DepartureTime': '18:00', 'Show': True, 'ColorClass': 'orange'}, {'StationNo': '02', 'StationName': '台北', 'DepartureTime': '18:11', 'Show': True, 'ColorClass': 'purple'}, {'StationNo': '03', 'StationName': '板橋', 'DepartureTime': '18:19', 'Show': True, 'ColorClass': 'dark_green'}, {'StationNo': '04', 'StationName': '桃園', 'DepartureTime': '18:34', 'Show': True, 'ColorClass': 'light_green'}, {'StationNo': '05', 'StationName': '新竹', 'DepartureTime': '18:47', 'Show': True, 'ColorClass': 'gray'}, {'StationNo': '06', 'StationName': '苗栗', 'DepartureTime': '18:58', 'Show': True, 'ColorClass': 'sky_blue'}, {'StationNo': '07', 'StationName': '台中', 'DepartureTime': '19:17', 'Show': True, 'ColorClass': 'pink'}, {'StationNo': '08', 'StationName': '彰化', 'DepartureTime': '19:30', 'Show': True, 'ColorClass': 'red'}, {'StationNo': '09', 'StationName': '雲林', 'DepartureTime': '19:41', 'Show': True, 'ColorClass': 'dark_blue'}, {'StationNo': '10', 'StationName': '嘉義', 'DepartureTime': '19:55', 'Show': True, 'ColorClass': 'yellow'}, {'StationNo': '11', 'StationName': '台南', 'DepartureTime': '20:13', 'Show': True, 'ColorClass': 'brown'}, {'StationNo': '12', 'StationName': '左營', 'DepartureTime': '20:25', 'Show': True, 'ColorClass': 'blue'}]",False,2025/12/22,18:00,20:25,
54,0673,,18:10,20:20,,02:10,8-12,False,[],,54,"[{'StationNo': '01', 'StationName': '南港', 'DepartureTime': '18:10', 'Show': True, 'ColorClass': 'orange'}, {'StationNo': '02', 'StationName': '台北', 'DepartureTime': '18:21', 'Show': True, 'ColorClass': 'purple'}, {'StationNo': '03', 'StationName': '板橋', 'DepartureTime': '18:29', 'Show': True, 'ColorClass': 'dark_green'}, {'StationNo': '04', 'StationName': '桃園', 'DepartureTime': '18:43', 'Show': True, 'ColorClass': 'light_green'}, {'StationNo': '05', 'StationName': '新竹', 'DepartureTime': '18:56', 'Show': True, 'ColorClass': 'gray'}, {'StationNo': '06', 'StationName': '苗栗', 'DepartureTime': '', 'Show': False, 'ColorClass': 'sky_blue'}, {'StationNo': '07', 'StationName': '台中', 'DepartureTime': '19:25', 'Show': True, 'ColorClass': 'pink'}, {'StationNo': '08', 'StationName': '彰化', 'DepartureTime': '', 'Show': False, 'ColorClass': 'red'}, {'StationNo': '09', 'StationName': '雲林', 'DepartureTime': '', 'Show': False, 'ColorClass': 'dark_blue'}, {'StationNo': '10', 'StationName': '嘉義', 'DepartureTime': '19:50', 'Show': True, 'ColorClass': 'yellow'}, {'StationNo': '11', 'StationName': '台南', 'DepartureTime': '20:07', 'Show': True, 'ColorClass': 'brown'}, {'StationNo': '12', 'StationName': '左營', 'DepartureTime': '20:20', 'Show': True, 'ColorClass': 'blue'}]",False,2025/12/22,18:10,20:20,
55,0153,,18:20,20:05,,01:45,10-12,False,[],,55,"[{'StationNo': '01', 'StationName': '南港', 'DepartureTime': '18:20', 'Show': True, 'ColorClass': 'orange'}, {'StationNo': '02', 'StationName': '台北', 'DepartureTime': '18:31', 'Show': True, 'ColorClass': 'purple'}, {'StationNo': '03', 'StationName': '板橋', 'DepartureTime': '18:39', 'Show': True, 'ColorClass': 'dark_green'}, {'StationNo': '04', 'StationName': '桃園', 'DepartureTime': '', 'Show': False, 'ColorClass': 'light_green'}, {'StationNo': '05', 'StationName': '新竹', 'DepartureTime': '', 'Show': False, 'ColorClass': 'gray'}, {'StationNo': '06', 'StationName': '苗栗', 'DepartureTime': '', 'Show': False, 'ColorClass': 'sky_blue'}, {'StationNo': '07', 'StationName': '台中', 'DepartureTime': '19:20', 'Show': True, 'ColorClass': 'pink'}, {'StationNo': '08', 'StationName': '彰化', 'DepartureTime': '', 'Show': False, 'ColorClass': 'red'}, {'StationNo': '09', 'StationName': '雲林', 'DepartureTime': '', 'Show': False, 'ColorClass': 'dark_blue'}, {'StationNo': '10', 'StationName': '嘉義', 'DepartureTime': '', 'Show': False, 'ColorClass': 'yellow'}, {'StationNo': '11', 'StationName': '台南', 'DepartureTime': '', 'Show': False, 'ColorClass': 'brown'}, {'StationNo': '12', 'StationName': '左營', 'DepartureTime': '20:05', 'Show': True, 'ColorClass': 'blue'}]",False,2025/12/22,18:20,20:05,
56,0675,,18:35,20:45,,02:10,8-12,False,[],,56,"[{'StationNo': '01', 'StationName': '南港', 'DepartureTime': '18:35', 'Show': True, 'ColorClass': 'orange'}, {'StationNo': '02', 'StationName': '台北', 'DepartureTime': '18:46', 'Show': True, 'ColorClass': 'purple'}, {'StationNo': '03', 'StationName': '板橋', 'DepartureTime': '18:55', 'Show': True, 'ColorClass': 'dark_green'}, {'StationNo': '04', 'StationName': '桃園', 'DepartureTime': '19:10', 'Show': True, 'ColorClass': 'light_green'}, {'StationNo': '05', 'StationName': '新竹', 'DepartureTime': '19:22', 'Show': True, 'ColorClass': 'gray'}, {'StationNo': '06', 'StationName': '苗栗', 'DepartureTime': '', 'Show': False, 'ColorClass': 'sky_blue'}, {'StationNo': '07', 'StationName': '台中', 'DepartureTime': '19:48', 'Show': True, 'ColorClass': 'pink'}, {'StationNo': '08', 'StationName': '彰化', 'DepartureTime': '', 'Show': False, 'ColorClass': 'red'}, {'StationNo': '09', 'StationName': '雲林', 'DepartureTime': '', 'Show': False, 'ColorClass': 'dark_blue'}, {'StationNo': '10', 'StationName': '嘉義', 'DepartureTime': '20:14', 'Show': True, 'ColorClass': 'yellow'}, {'StationNo': '11', 'StationName': '台南', 'DepartureTime': '20:33', 'Show': True, 'ColorClass': 'brown'}, {'StationNo': '12', 'StationName': '左營', 'DepartureTime': '20:45', 'Show': True, 'ColorClass': 'blue'}]",False,2025/12/22,18:35,20:45,
57,0249,,18:40,20:30,,01:50,10-12,False,[],,57,"[{'StationNo': '01', 'StationName': '南港', 'DepartureTime': '18:40', 'Show': True, 'ColorClass': 'orange'}, {'StationNo': '02', 'StationName': '台北', 'DepartureTime': '18:51', 'Show': True, 'ColorClass': 'purple'}, {'StationNo': '03', 'StationName': '板橋', 'DepartureTime': '18:59', 'Show': True, 'ColorClass': 'dark_green'}, {'StationNo': '04', 'StationName': '桃園', 'DepartureTime': '', 'Show': False, 'ColorClass': 'light_green'}, {'StationNo': '05', 'StationName': '新竹', 'DepartureTime': '', 'Show': False, 'ColorClass': 'gray'}, {'StationNo': '06', 'StationName': '苗栗', 'DepartureTime': '', 'Show': False, 'ColorClass': 'sky_blue'}, {'StationNo': '07', 'StationName': '台中', 'DepartureTime': '19:40', 'Show': True, 'ColorClass': 'pink'}, {'StationNo': '08', 'StationName': '彰化', 'DepartureTime': '', 'Show': False, 'ColorClass': 'red'}, {'StationNo': '09', 'StationName': '雲林', 'DepartureTime': '', 'Show': False, 'ColorClass': 'dark_blue'}, {'StationNo': '10', 'StationName': '嘉義', 'DepartureTime': '', 'Show': False, 'ColorClass': 'yellow'}, {'StationNo': '11', 'StationName': '台南', 'DepartureTime': '20:18', 'Show': True, 'ColorClass': 'brown'}, {'StationNo': '12', 'StationName': '左營', 'DepartureTime': '20:30', 'Show': True, 'ColorClass': 'blue'}]",False,2025/12/22,18:40,20:30,
58,0853,,19:00,21:25,,02:25,8-12,False,[],,58,"[{'StationNo': '01', 'StationName': '南港', 'DepartureTime': '19:00', 'Show': True, 'ColorClass': 'orange'}, {'StationNo': '02', 'StationName': '台北', 'DepartureTime': '19:11', 'Show': True, 'ColorClass': 'purple'}, {'StationNo': '03', 'StationName': '板橋', 'DepartureTime': '19:19', 'Show': True, 'ColorClass': 'dark_green'}, {'StationNo': '04', 'StationName': '桃園', 'DepartureTime': '19:34', 'Show': True, 'ColorClass': 'light_green'}, {'StationNo': '05', 'StationName': '新竹', 'DepartureTime': '19:47', 'Show': True, 'ColorClass': 'gray'}, {'StationNo': '06', 'StationName': '苗栗', 'DepartureTime': '19:58', 'Show': True, 'ColorClass': 'sky_blue'}, {'StationNo': '07', 'StationName': '台中', 'DepartureTime': '20:17', 'Show': True, 'ColorClass': 'pink'}, {'StationNo': '08', 'StationName': '彰化', 'DepartureTime': '20:30', 'Show': True, 'ColorClass': 'red'}, {'StationNo': '09', 'StationName': '雲林', 'DepartureTime': '20:41', 'Show': True, 'ColorClass': 'dark_blue'}, {'StationNo': '10', 'StationName': '嘉義', 'DepartureTime': '20:55', 'Show': True, 'ColorClass': 'yellow'}, {'StationNo': '11', 'StationName': '台南', 'DepartureTime': '21:13', 'Show': True, 'ColorClass': 'brown'}, {'StationNo': '12', 'StationName': '左營', 'DepartureTime': '21:25', 'Show': True, 'ColorClass': 'blue'}]",False,2025/12/22,19:00,21:25,
59,0679,,19:10,21:20,,02:10,10-12,False,[],,59,"[{'StationNo': '01', 'StationName': '南港', 'DepartureTime': '19:10', 'Show': True, 'ColorClass': 'orange'}, {'StationNo': '02', 'StationName': '台北', 'DepartureTime': '19:21', 'Show': True, 'ColorClass': 'purple'}, {'StationNo': '03', 'StationName': '板橋', 'DepartureTime': '19:29', 'Show': True, 'ColorClass': 'dark_green'}, {'StationNo': '04', 'StationName': '桃園', 'DepartureTime': '19:43', 'Show': True, 'ColorClass': 'light_green'}, {'StationNo': '05', 'StationName': '新竹', 'DepartureTime': '19:56', 'Show': True, 'ColorClass': 'gray'}, {'StationNo': '06', 'StationName': '苗栗', 'DepartureTime': '', 'Show': False, 'ColorClass': 'sky_blue'}, {'StationNo': '07', 'StationName': '台中', 'DepartureTime': '20:25', 'Show': True, 'ColorClass': 'pink'}, {'StationNo': '08', 'StationName': '彰化', 'DepartureTime': '', 'Show': False, 'ColorClass': 'red'}, {'StationNo': '09', 'StationName': '雲林', 'DepartureTime': '', 'Show': False, 'ColorClass': 'dark_blue'}, {'StationNo': '10', 'StationName': '嘉義', 'DepartureTime': '20:50', 'Show': True, 'ColorClass': 'yellow'}, {'StationNo': '11', 'StationName': '台南', 'DepartureTime': '21:07', 'Show': True, 'ColorClass': 'brown'}, {'StationNo': '12', 'StationName': '左營', 'DepartureTime': '21:20', 'Show': True, 'ColorClass': 'blue'}]",False,2025/12/22,19:10,21:20,
60,0157,,19:20,21:05,,01:45,10-12,False,[],,60,"[{'StationNo': '01', 'StationName': '南港', 'DepartureTime': '19:20', 'Show': True, 'ColorClass': 'orange'}, {'StationNo': '02', 'StationName': '台北', 'DepartureTime': '19:31', 'Show': True, 'ColorClass': 'purple'}, {'StationNo': '03', 'StationName': '板橋', 'DepartureTime': '19:39', 'Show': True, 'ColorClass': 'dark_green'}, {'StationNo': '04', 'StationName': '桃園', 'DepartureTime': '', 'Show': False, 'ColorClass': 'light_green'}, {'StationNo': '05', 'StationName': '新竹', 'DepartureTime': '', 'Show': False, 'ColorClass': 'gray'}, {'StationNo': '06', 'StationName': '苗栗', 'DepartureTime': '', 'Show': False, 'ColorClass': 'sky_blue'}, {'StationNo': '07', 'StationName': '台中', 'DepartureTime': '20:20', 'Show': True, 'ColorClass': 'pink'}, {'StationNo': '08', 'StationName': '彰化', 'DepartureTime': '', 'Show': False, 'ColorClass': 'red'}, {'StationNo': '09', 'StationName': '雲林', 'DepartureTime': '', 'Show': False, 'ColorClass': 'dark_blue'}, {'StationNo': '10', 'StationName': '嘉義', 'DepartureTime': '', 'Show': False, 'ColorClass': 'yellow'}, {'StationNo': '11', 'StationName': '台南', 'DepartureTime': '', 'Show': False, 'ColorClass': 'brown'}, {'StationNo': '12', 'StationName': '左營', 'DepartureTime': '21:05', 'Show': True, 'ColorClass': 'blue'}]",False,2025/12/22,19:20,21:05,
61,0681,,19:35,21:45,,02:10,8-12,False,[],,61,"[{'StationNo': '01', 'StationName': '南港', 'DepartureTime': '19:35', 'Show': True, 'ColorClass': 'orange'}, {'StationNo': '02', 'StationName': '台北', 'DepartureTime': '19:46', 'Show': True, 'ColorClass': 'purple'}, {'StationNo': '03', 'StationName': '板橋', 'DepartureTime': '19:55', 'Show': True, 'ColorClass': 'dark_green'}, {'StationNo': '04', 'StationName': '桃園', 'DepartureTime': '20:10', 'Show': True, 'ColorClass': 'light_green'}, {'StationNo': '05', 'StationName': '新竹', 'DepartureTime': '20:22', 'Show': True, 'ColorClass': 'gray'}, {'StationNo': '06', 'StationName': '苗栗', 'DepartureTime': '', 'Show': False, 'ColorClass': 'sky_blue'}, {'StationNo': '07', 'StationName': '台中', 'DepartureTime': '20:48', 'Show': True, 'ColorClass': 'pink'}, {'StationNo': '08', 'StationName': '彰化', 'DepartureTime': '', 'Show': False, 'ColorClass': 'red'}, {'StationNo': '09', 'StationName': '雲林', 'DepartureTime': '', 'Show': False, 'ColorClass': 'dark_blue'}, {'StationNo': '10', 'StationName': '嘉義', 'DepartureTime': '21:14', 'Show': True, 'ColorClass': 'yellow'}, {'StationNo': '11', 'StationName': '台南', 'DepartureTime': '21:33', 'Show': True, 'ColorClass': 'brown'}, {'StationNo': '12', 'StationName': '左營', 'DepartureTime': '21:45', 'Show': True, 'ColorClass': 'blue'}]",False,2025/12/22,19:35,21:45,
62,0857,,20:00,22:25,,02:25,9-12,False,[],,62,"[{'StationNo': '01', 'StationName': '南港', 'DepartureTime': '20:00', 'Show': True, 'ColorClass': 'orange'}, {'StationNo': '02', 'StationName': '台北', 'DepartureTime': '20:11', 'Show': True, 'ColorClass': 'purple'}, {'StationNo': '03', 'StationName': '板橋', 'DepartureTime': '20:19', 'Show': True, 'ColorClass': 'dark_green'}, {'StationNo': '04', 'StationName': '桃園', 'DepartureTime': '20:34', 'Show': True, 'ColorClass': 'light_green'}, {'StationNo': '05', 'StationName': '新竹', 'DepartureTime': '20:47', 'Show': True, 'ColorClass': 'gray'}, {'StationNo': '06', 'StationName': '苗栗', 'DepartureTime': '20:58', 'Show': True, 'ColorClass': 'sky_blue'}, {'StationNo': '07', 'StationName': '台中', 'DepartureTime': '21:17', 'Show': True, 'ColorClass': 'pink'}, {'StationNo': '08', 'StationName': '彰化', 'DepartureTime': '21:30', 'Show': True, 'ColorClass': 'red'}, {'StationNo': '09', 'StationName': '雲林', 'DepartureTime': '21:41', 'Show': True, 'ColorClass': 'dark_blue'}, {'StationNo': '10', 'StationName': '嘉義', 'DepartureTime': '21:55', 'Show': True, 'ColorClass': 'yellow'}, {'StationNo': '11', 'StationName': '台南', 'DepartureTime': '22:13', 'Show': True, 'ColorClass': 'brown'}, {'StationNo': '12', 'StationName': '左營', 'DepartureTime': '22:25', 'Show': True, 'ColorClass': 'blue'}]",False,2025/12/22,20:00,22:25,
63,0161,,20:20,22:05,,01:45,10-12,False,[],,63,"[{'StationNo': '01', 'StationName': '南港', 'DepartureTime': '20:20', 'Show': True, 'ColorClass': 'orange'}, {'StationNo': '02', 'StationName': '台北', 'DepartureTime': '20:31', 'Show': True, 'ColorClass': 'purple'}, {'StationNo': '03', 'StationName': '板橋', 'DepartureTime': '20:39', 'Show': True, 'ColorClass': 'dark_green'}, {'StationNo': '04', 'StationName': '桃園', 'DepartureTime': '', 'Show': False, 'ColorClass': 'light_green'}, {'StationNo': '05', 'StationName': '新竹', 'DepartureTime': '', 'Show': False, 'ColorClass': 'gray'}, {'StationNo': '06', 'StationName': '苗栗', 'DepartureTime': '', 'Show': False, 'ColorClass': 'sky_blue'}, {'StationNo': '07', 'StationName': '台中', 'DepartureTime': '21:20', 'Show': True, 'ColorClass': 'pink'}, {'StationNo': '08', 'StationName': '彰化', 'DepartureTime': '', 'Show': False, 'ColorClass': 'red'}, {'StationNo': '09', 'StationName': '雲林', 'DepartureTime': '', 'Show': False, 'ColorClass': 'dark_blue'}, {'StationNo': '10', 'StationName': '嘉義', 'DepartureTime': '', 'Show': False, 'ColorClass': 'yellow'}, {'StationNo': '11', 'StationName': '台南', 'DepartureTime': '', 'Show': False, 'ColorClass': 'brown'}, {'StationNo': '12', 'StationName': '左營', 'DepartureTime': '22:05', 'Show': True, 'ColorClass': 'blue'}]",False,2025/12/22,20:20,22:05,
64,0687,,20:35,22:45,,02:10,9-12,False,[],,64,"[{'StationNo': '01', 'StationName': '南港', 'DepartureTime': '20:35', 'Show': True, 'ColorClass': 'orange'}, {'StationNo': '02', 'StationName': '台北', 'DepartureTime': '20:46', 'Show': True, 'ColorClass': 'purple'}, {'StationNo': '03', 'StationName': '板橋', 'DepartureTime': '20:55', 'Show': True, 'ColorClass': 'dark_green'}, {'StationNo': '04', 'StationName': '桃園', 'DepartureTime': '21:10', 'Show': True, 'ColorClass': 'light_green'}, {'StationNo': '05', 'StationName': '新竹', 'DepartureTime': '21:22', 'Show': True, 'ColorClass': 'gray'}, {'StationNo': '06', 'StationName': '苗栗', 'DepartureTime': '', 'Show': False, 'ColorClass': 'sky_blue'}, {'StationNo': '07', 'StationName': '台中', 'DepartureTime': '21:48', 'Show': True, 'ColorClass': 'pink'}, {'StationNo': '08', 'StationName': '彰化', 'DepartureTime': '', 'Show': False, 'ColorClass': 'red'}, {'StationNo': '09', 'StationName': '雲林', 'DepartureTime': '', 'Show': False, 'ColorClass': 'dark_blue'}, {'StationNo': '10', 'StationName': '嘉義', 'DepartureTime': '22:14', 'Show': True, 'ColorClass': 'yellow'}, {'StationNo': '11', 'StationName': '台南', 'DepartureTime': '22:33', 'Show': True, 'ColorClass': 'brown'}, {'StationNo': '12', 'StationName': '左營', 'DepartureTime': '22:45', 'Show': True, 'ColorClass': 'blue'}]",False,2025/12/22,20:35,22:45,
65,0861,,21:00,23:25,,02:25,10-12,False,[],,65,"[{'StationNo': '01', 'StationName': '南港', 'DepartureTime': '21:00', 'Show': True, 'ColorClass': 'orange'}, {'StationNo': '02', 'StationName': '台北', 'DepartureTime': '21:11', 'Show': True, 'ColorClass': 'purple'}, {'StationNo': '03', 'StationName': '板橋', 'DepartureTime': '21:19', 'Show': True, 'ColorClass': 'dark_green'}, {'StationNo': '04', 'StationName': '桃園', 'DepartureTime': '21:34', 'Show': True, 'ColorClass': 'light_green'}, {'StationNo': '05', 'StationName': '新竹', 'DepartureTime': '21:47', 'Show': True, 'ColorClass': 'gray'}, {'StationNo': '06', 'StationName': '苗栗', 'DepartureTime': '21:58', 'Show': True, 'ColorClass': 'sky_blue'}, {'StationNo': '07', 'StationName': '台中', 'DepartureTime': '22:17', 'Show': True, 'ColorClass': 'pink'}, {'StationNo': '08', 'StationName': '彰化', 'DepartureTime': '22:30', 'Show': True, 'ColorClass': 'red'}, {'StationNo': '09', 'StationName': '雲林', 'DepartureTime': '22:41', 'Show': True, 'ColorClass': 'dark_blue'}, {'StationNo': '10', 'StationName': '嘉義', 'DepartureTime': '22:55', 'Show': True, 'ColorClass': 'yellow'}, {'StationNo': '11', 'StationName': '台南', 'DepartureTime': '23:13', 'Show': True, 'ColorClass': 'brown'}, {'StationNo': '12', 'StationName': '左營', 'DepartureTime': '23:25', 'Show': True, 'ColorClass': 'blue'}]",False,2025/12/22,21:00,23:25,
66,0165,,21:20,23:05,,01:45,10-12,False,[],,66,"[{'StationNo': '01', 'StationName': '南港', 'DepartureTime': '21:20', 'Show': True, 'ColorClass': 'orange'}, {'StationNo': '02', 'StationName': '台北', 'DepartureTime': '21:31', 'Show': True, 'ColorClass': 'purple'}, {'StationNo': '03', 'StationName': '板橋', 'DepartureTime': '21:39', 'Show': True, 'ColorClass': 'dark_green'}, {'StationNo': '04', 'StationName': '桃園', 'DepartureTime': '', 'Show': False, 'ColorClass': 'light_green'}, {'StationNo': '05', 'StationName': '新竹', 'DepartureTime': '', 'Show': False, 'ColorClass': 'gray'}, {'StationNo': '06', 'StationName': '苗栗', 'DepartureTime': '', 'Show': False, 'ColorClass': 'sky_blue'}, {'StationNo': '07', 'StationName': '台中', 'DepartureTime': '22:20', 'Show': True, 'ColorClass': 'pink'}, {'StationNo': '08', 'StationName': '彰化', 'DepartureTime': '', 'Show': False, 'ColorClass': 'red'}, {'StationNo': '09', 'StationName': '雲林', 'DepartureTime': '', 'Show': False, 'ColorClass': 'dark_blue'}, {'StationNo': '10', 'StationName': '嘉義', 'DepartureTime': '', 'Show': False, 'ColorClass': 'yellow'}, {'StationNo': '11', 'StationName': '台南', 'DepartureTime': '', 'Show': False, 'ColorClass': 'brown'}, {'StationNo': '12', 'StationName': '左營', 'DepartureTime': '23:05', 'Show': True, 'ColorClass': 'blue'}]",False,2025/12/22,21:20,23:05,
67,0693,,21:30,23:40,,02:10,10-12,False,[],,67,"[{'StationNo': '01', 'StationName': '南港', 'DepartureTime': '21:30', 'Show': True, 'ColorClass': 'orange'}, {'StationNo': '02', 'StationName': '台北', 'DepartureTime': '21:41', 'Show': True, 'ColorClass': 'purple'}, {'StationNo': '03', 'StationName': '板橋', 'DepartureTime': '21:50', 'Show': True, 'ColorClass': 'dark_green'}, {'StationNo': '04', 'StationName': '桃園', 'DepartureTime': '22:05', 'Show': True, 'ColorClass': 'light_green'}, {'StationNo': '05', 'StationName': '新竹', 'DepartureTime': '22:17', 'Show': True, 'ColorClass': 'gray'}, {'StationNo': '06', 'StationName': '苗栗', 'DepartureTime': '', 'Show': False, 'ColorClass': 'sky_blue'}, {'StationNo': '07', 'StationName': '台中', 'DepartureTime': '22:43', 'Show': True, 'ColorClass': 'pink'}, {'StationNo': '08', 'StationName': '彰化', 'DepartureTime': '', 'Show': False, 'ColorClass': 'red'}, {'StationNo': '09', 'StationName': '雲林', 'DepartureTime': '', 'Show': False, 'ColorClass': 'dark_blue'}, {'StationNo': '10', 'StationName': '嘉義', 'DepartureTime': '23:09', 'Show': True, 'ColorClass': 'yellow'}, {'StationNo': '11', 'StationName': '台南', 'DepartureTime': '23:28', 'Show': True, 'ColorClass': 'brown'}, {'StationNo': '12', 'StationName': '左營', 'DepartureTime': '23:40', 'Show': True, 'ColorClass': 'blue'}]",False,2025/12/22,21:30,23:40,
68,0333,,21:45,23:55,,02:10,10-12,False,[],,68,"[{'StationNo': '01', 'StationName': '南港', 'DepartureTime': '21:45', 'Show': True, 'ColorClass': 'orange'}, {'StationNo': '02', 'StationName': '台北', 'DepartureTime': '21:56', 'Show': True, 'ColorClass': 'purple'}, {'StationNo': '03', 'StationName': '板橋', 'DepartureTime': '', 'Show': False, 'ColorClass': 'dark_green'}, {'StationNo': '04', 'StationName': '桃園', 'DepartureTime': '22:15', 'Show': True, 'ColorClass': 'light_green'}, {'StationNo': '05', 'StationName': '新竹', 'DepartureTime': '', 'Show': False, 'ColorClass': 'gray'}, {'StationNo': '06', 'StationName': '苗栗', 'DepartureTime': '', 'Show': False, 'ColorClass': 'sky_blue'}, {'StationNo': '07', 'StationName': '台中', 'DepartureTime': '22:49', 'Show': True, 'ColorClass': 'pink'}, {'StationNo': '08', 'StationName': '彰化', 'DepartureTime': '23:01', 'Show': True, 'ColorClass': 'red'}, {'StationNo': '09', 'StationName': '雲林', 'DepartureTime': '23:12', 'Show': True, 'ColorClass': 'dark_blue'}, {'StationNo': '10', 'StationName': '嘉義', 'DepartureTime': '23:24', 'Show': True, 'ColorClass': 'yellow'}, {'StationNo': '11', 'StationName': '台南', 'DepartureTime': '23:42', 'Show': True, 'ColorClass': 'brown'}, {'StationNo': '12', 'StationName': '左營', 'DepartureTime': '23:55', 'Show': True, 'ColorClass': 'blue'}]",False,2025/12/22,21:45,23:55,
69,0295,,22:05,23:59,,01:54,10-12,False,[],,69,"[{'StationNo': '01', 'StationName': '南港', 'DepartureTime': '22:05', 'Show': True, 'ColorClass': 'orange'}, {'StationNo': '02', 'StationName': '台北', 'DepartureTime': '22:16', 'Show': True, 'ColorClass': 'purple'}, {'StationNo': '03', 'StationName': '板橋', 'DepartureTime': '', 'Show': False, 'ColorClass': 'dark_green'}, {'StationNo': '04', 'StationName': '桃園', 'DepartureTime': '22:35', 'Show': True, 'ColorClass': 'light_green'}, {'StationNo': '05', 'StationName': '新竹', 'DepartureTime': '', 'Show': False, 'ColorClass': 'gray'}, {'StationNo': '06', 'StationName': '苗栗', 'DepartureTime': '', 'Show': False, 'ColorClass': 'sky_blue'}, {'StationNo': '07', 'StationName': '台中', 'DepartureTime': '23:07', 'Show': True, 'ColorClass': 'pink'}, {'StationNo': '08', 'StationName': '彰化', 'DepartureTime': '', 'Show': False, 'ColorClass': 'red'}, {'StationNo': '09', 'StationName': '雲林', 'DepartureTime': '', 'Show': False, 'ColorClass': 'dark_blue'}, {'StationNo': '10', 'StationName': '嘉義', 'DepartureTime': '23:30', 'Show': True, 'ColorClass': 'yellow'}, {'StationNo': '11', 'StationName': '台南', 'DepartureTime': '23:48', 'Show': True, 'ColorClass': 'brown'}, {'StationNo': '12', 'StationName': '左營', 'DepartureTime': '23:59', 'Show': True, 'ColorClass': 'blue'}]",False,2025/12/22,22:05,23:59,
